finding_text,issue,category,severity,recurring
"At the workshop, firefighting equipment was accessible, inspected, and ready for use was recorded during field verification. No immediate operational hazard was evident, although the observation required follow-up.",Fire Safety,Safety,Low,No
"rescue station inspection identified assembly points, first-aid provisions, and rescue readiness were found satisfactory. The arrangement remained largely satisfactory, with only limited improvement required.",Emergency Preparedness,Emergency Safety,Low,No
Operational verification confirmed water accumulation indicated inadequate drainage performance in the low-lying section. The observed condition created a significant operational and safety concern. The observation was supported by available inspection records. Review included 7 relevant components or records. This was recorded as a new observation.,Water Drainage,Environment,High,No
Operational verification confirmed access to selected firefighting equipment was restricted in the electrical area. The observed condition created a significant operational and safety concern. The condition was confirmed by direct examination. The affected area covered approximately 40 metres. Available records did not indicate an earlier occurrence.,Fire Safety,Safety,High,No
A review of conditions at the primary substation revealed degraded electrical protection was observed in the inspected installation. The condition represented a moderate operational concern and required timely attention. The condition was confirmed by direct examination. The affected area covered approximately 40 metres. The condition had not been documented during the previous inspection.,Electrical Safety,Electrical,Medium,No
"During the current visit, the underground distribution area showed degraded electrical protection was observed in the inspected installation. The condition was minor and required routine attention. The condition was confirmed by direct examination. The affected area covered approximately 40 metres. No similar condition was identified in the preceding inspection.",Electrical Safety,Electrical,Low,No
"During the current visit, the rescue station showed emergency response documentation was not fully current. The condition represented a moderate operational concern and required timely attention. Operational checks were carried out at the time of inspection. The condition was verified during shift A. Records showed that the same deficiency had been raised earlier.",Emergency Preparedness,Emergency Safety,Medium,Yes
A review of conditions at the workshop revealed firefighting provisions were incomplete or not readily available. Continued operation without correction could expose personnel to a substantial hazard. The observation was supported by available inspection records. Review included 7 relevant components or records. Available records did not indicate an earlier occurrence.,Fire Safety,Safety,High,No
Inspection records for the main access route indicate the roadway surface had potholes and uneven grading. The condition represented a moderate operational concern and required timely attention. Operational checks were carried out at the time of inspection. The condition was verified during shift A. The condition had also been reported during the last inspection cycle.,Haul Road,Mine Safety,Medium,Yes
The inspection team noted the required safety gear was not being used uniformly in the underground section; The deficiency was serious enough to affect safe mine operations and required prompt intervention. The affected arrangement was examined under normal working conditions. The affected section was located near access marker 7. Earlier inspection records indicated that this issue had occurred before.,Personal Protective Equipment,Safety,High,Yes
Operational verification confirmed moisture and degraded insulation were found around electrical components in the service section. Urgent remedial action was required before normal operations could safely continue. The affected arrangement was examined under normal working conditions. The affected section was located near access marker 4. Records showed that the same deficiency had been raised earlier.,Electrical Safety,Electrical,Critical,Yes
"The inspection team noted road conditions could adversely affect safe movement of mine vehicles in the main access route; If left unattended, the deficiency could affect safe and reliable operation. The affected arrangement was examined under normal working conditions. The affected section was located near access marker 6. The condition had not been documented during the previous inspection.",Haul Road,Mine Safety,Medium,No
Inspection records for the underground distribution area indicate the electrical installation showed signs of moisture-related deterioration. The observed condition created a significant operational and safety concern. The observation was supported by available inspection records. Review included 3 relevant components or records. No similar condition was identified in the preceding inspection.,Electrical Safety,Electrical,High,No
service section inspection identified electrical enclosures were dry and insulation readings were within acceptable limits. The condition was minor and required routine attention.,Electrical Safety,Electrical,Low,No
"During the current visit, the underground roadway showed standing water was observed in the affected section. The observed condition created a significant operational and safety concern. The observation was supported by available inspection records. Review included 3 relevant components or records. This was recorded as a new observation.",Water Drainage,Environment,High,No
Operational verification confirmed emergency response documentation was not fully current in the emergency assembly point. Continued operation without correction could expose personnel to a substantial hazard. The condition was confirmed by direct examination. The affected area covered approximately 40 metres. The condition had also been reported during the last inspection cycle.,Emergency Preparedness,Emergency Safety,High,Yes
underground section inspection identified several workers were not consistently using the required protective equipment. The condition represented a moderate operational concern and required timely attention. Field measurements and records were reviewed during the visit. The observation concerned inspection point 5. This was recorded as a new observation.,Personal Protective Equipment,Safety,Medium,No
"The inspection team noted water accumulation indicated inadequate drainage performance in the surface approach; The arrangement remained largely satisfactory, with only limited improvement required. The observation was supported by available inspection records. Review included 3 relevant components or records. No comparable deficiency was found in the earlier inspection record.",Water Drainage,Environment,Low,No
The condition presented a significant safety concern requiring priority attention; this inspection therefore recorded drainage channels were partially obstructed at the surface approach. The affected arrangement was examined under normal working conditions. The affected section was located near access marker 11. The condition had not been documented during the previous inspection.,Water Drainage,Environment,High,No
Field examination of the electrical room showed that the electrical installation showed signs of moisture-related deterioration. The observation required corrective attention within the normal maintenance cycle. The affected arrangement was examined under normal working conditions. The affected section was located near access marker 6. The condition had not been documented during the previous inspection.,Electrical Safety,Electrical,Medium,No
"Operational verification confirmed ventilation measurements remained within the required operating range in the Level -2. The arrangement remained largely satisfactory, with only limited improvement required.",Ventilation,Safety,Low,No
The inspection team noted drainage channels were partially obstructed in the low-lying section; The deficiency was limited and no immediate safety concern was identified. Operational checks were carried out at the time of inspection. The condition was verified during shift B. This was recorded as a new observation.,Water Drainage,Environment,Low,No
Operational verification confirmed ventilation measurements remained within the required operating range in the working panel. The deficiency was limited and no immediate safety concern was identified.,Ventilation,Safety,Low,No
The observed condition created a significant operational and safety concern; this inspection therefore recorded the roadway surface had potholes and uneven grading at the loading area. The observation was supported by available inspection records. Review included 7 relevant components or records. The condition had not been documented during the previous inspection.,Haul Road,Mine Safety,High,No
"loading point inspection identified protective equipment compliance was inconsistent in the inspected area. The arrangement remained largely satisfactory, with only limited improvement required. The affected arrangement was examined under normal working conditions. The affected section was located near access marker 5. No comparable deficiency was found in the earlier inspection record.",Personal Protective Equipment,Safety,Low,No
The deficiency was limited and no immediate safety concern was identified; this inspection therefore recorded emergency response documentation was not fully current at the emergency assembly point. The affected arrangement was examined under normal working conditions. The affected section was located near access marker 1. A comparable observation from the previous inspection remained unresolved.,Emergency Preparedness,Emergency Safety,Low,Yes
"During the current visit, the remote face showed the remote face was receiving insufficient fresh air. Immediate intervention was necessary because the condition presented a serious threat to personnel and operations. Operational checks were carried out at the time of inspection. The condition was verified during shift C. No similar condition was identified in the preceding inspection.",Ventilation,Safety,Critical,No
Inspection records for the surface section indicate the roadway surface was properly graded and traffic controls were functioning. The condition was minor and required routine attention.,Haul Road,Mine Safety,Low,No
"Inspection records for the workshop indicate firefighting equipment was accessible, inspected, and ready for use. No immediate operational hazard was evident, although the observation required follow-up.",Fire Safety,Safety,Low,No
Operational verification confirmed moisture and degraded insulation were found around electrical components in the service section. The condition represented a moderate operational concern and required timely attention. The observation was supported by available inspection records. Review included 4 relevant components or records. The condition had not been documented during the previous inspection.,Electrical Safety,Electrical,Medium,No
"Operational verification confirmed availability and use of protective gear required improvement in the loading point. If left unattended, the deficiency could affect safe and reliable operation. Operational checks were carried out at the time of inspection. The condition was verified during shift C. The condition had not been documented during the previous inspection.",Personal Protective Equipment,Safety,Medium,No
"The inspection team noted firefighting equipment was accessible, inspected, and ready for use in the diesel bay; No immediate operational hazard was evident, although the observation required follow-up.",Fire Safety,Safety,Low,No
It was observed that the remote face was receiving insufficient fresh air at the working panel. The deficiency was limited and no immediate safety concern was identified. The condition was confirmed by direct examination. The affected area covered approximately 40 metres. The condition had not been documented during the previous inspection.,Ventilation,Safety,Low,No
Field examination of the diesel bay showed that inspection identified gaps in the readiness of fire protection equipment. The condition was assessed as critical because of the immediate potential for a major incident. The condition was confirmed by direct examination. The affected area covered approximately 40 metres. Available records did not indicate an earlier occurrence.,Fire Safety,Safety,Critical,No
"At the working panel, standing water was observed in the affected section was recorded during field verification. The condition represented a moderate operational concern and required timely attention. The affected arrangement was examined under normal working conditions. The affected section was located near access marker 6. The condition had not been documented during the previous inspection.",Water Drainage,Environment,Medium,No
"The arrangement remained largely satisfactory, with only limited improvement required; this inspection therefore recorded electrical enclosures were dry and insulation readings were within acceptable limits at the primary substation.",Electrical Safety,Electrical,Low,No
A review of conditions at the haul road revealed dust mitigation measures were not consistently available. Immediate intervention was necessary because the condition presented a serious threat to personnel and operations. The observation was supported by available inspection records. Review included 7 relevant components or records. This was recorded as a new observation.,Dust Suppression,Environment,Critical,No
"Inspection records for the electrical room indicate moisture and degraded insulation were found around electrical components. If left unattended, the deficiency could affect safe and reliable operation. The affected arrangement was examined under normal working conditions. The affected section was located near access marker 2. Available records did not indicate an earlier occurrence.",Electrical Safety,Electrical,Medium,No
transfer point inspection identified the suppression system was providing inadequate dust reduction. The condition was assessed as critical because of the immediate potential for a major incident. Field measurements and records were reviewed during the visit. The observation concerned inspection point 4. Earlier inspection records indicated that this issue had occurred before.,Dust Suppression,Environment,Critical,Yes
"At the underground distribution area, degraded electrical protection was observed in the inspected installation was recorded during field verification. The deficiency was serious enough to affect safe mine operations and required prompt intervention. The affected arrangement was examined under normal working conditions. The affected section was located near access marker 7. A comparable observation from the previous inspection remained unresolved.",Electrical Safety,Electrical,High,Yes
Inspection records for the coal face indicate multiple support bolts displayed signs of weakening. The condition was not immediately critical but could worsen during continued operation. The observation was supported by available inspection records. Review included 2 relevant components or records. Available records did not indicate an earlier occurrence.,Roof Support,Ground Control,Medium,No
"Inspection records for the development heading indicate installed roof supports were intact and showed no material loss of integrity. The arrangement remained largely satisfactory, with only limited improvement required.",Roof Support,Ground Control,Low,No
"At the working area, personnel in the inspected area were using the required protective equipment was recorded during field verification. The deficiency was limited and no immediate safety concern was identified. Inspection observation reference 803.",Personal Protective Equipment,Safety,Low,No
The inspection team noted traffic conditions were affected by deterioration of the transport route in the loading area; The condition was not immediately critical but could worsen during continued operation. The observation was supported by available inspection records. Review included 5 relevant components or records. No similar condition was identified in the preceding inspection.,Haul Road,Mine Safety,Medium,No
"Field examination of the service section showed that electrical enclosures were dry and insulation readings were within acceptable limits. The arrangement remained largely satisfactory, with only limited improvement required.",Electrical Safety,Electrical,Low,No
working panel inspection identified inspection of machinery records revealed gaps in preventive maintenance. Urgent remedial action was required before normal operations could safely continue. The affected arrangement was examined under normal working conditions. The affected section was located near access marker 8. Available records did not indicate an earlier occurrence.,Equipment Maintenance,Equipment Safety,Critical,No
Operational verification confirmed roof support elements exhibited deterioration requiring closer attention in the development heading. The condition was assessed as critical because of the immediate potential for a major incident. The condition was confirmed by direct examination. The affected area covered approximately 40 metres. A comparable observation from the previous inspection remained unresolved.,Roof Support,Ground Control,Critical,Yes
"The inspection team noted some fire safety equipment required inspection and servicing in the diesel bay; If left unattended, the deficiency could affect safe and reliable operation. Operational checks were carried out at the time of inspection. The condition was verified during shift A. Earlier inspection records indicated that this issue had occurred before.",Fire Safety,Safety,Medium,Yes
"During the current visit, the surface facilities showed some emergency preparedness records and arrangements were incomplete. If left unattended, the deficiency could affect safe and reliable operation. Field measurements and records were reviewed during the visit. The observation concerned inspection point 3. The condition had not been documented during the previous inspection.",Emergency Preparedness,Emergency Safety,Medium,No
It was observed that drainage channels were partially obstructed at the surface approach. Immediate intervention was necessary because the condition presented a serious threat to personnel and operations. Field measurements and records were reviewed during the visit. The observation concerned inspection point 6. This was recorded as a new observation.,Water Drainage,Environment,Critical,No
"Inspection records for the primary substation indicate degraded electrical protection was observed in the inspected installation. If left unattended, the deficiency could affect safe and reliable operation. The condition was confirmed by direct examination. The affected area covered approximately 40 metres. The condition had not been documented during the previous inspection.",Electrical Safety,Electrical,Medium,No
"At the electrical room, moisture and degraded insulation were found around electrical components was recorded during field verification. Urgent remedial action was required before normal operations could safely continue. Operational checks were carried out at the time of inspection. The condition was verified during shift B. No similar condition was identified in the preceding inspection.",Electrical Safety,Electrical,Critical,No
A review of conditions at the underground section revealed availability and use of protective gear required improvement. The condition represented a moderate operational concern and required timely attention. The condition was confirmed by direct examination. The affected area covered approximately 40 metres. Available records did not indicate an earlier occurrence.,Personal Protective Equipment,Safety,Medium,No
"During the current visit, the working section showed water spray equipment was inactive during the inspection. If left unattended, the deficiency could affect safe and reliable operation. The condition was confirmed by direct examination. The affected area covered approximately 40 metres. A comparable observation from the previous inspection remained unresolved.",Dust Suppression,Environment,Medium,Yes
"A review of conditions at the emergency assembly point revealed assembly points, first-aid provisions, and rescue readiness were found satisfactory. No immediate operational hazard was evident, although the observation required follow-up.",Emergency Preparedness,Emergency Safety,Low,No
Inspection records for the underground section indicate protective equipment compliance was inconsistent in the inspected area. The observation required corrective attention within the normal maintenance cycle. The condition was confirmed by direct examination. The affected area covered approximately 40 metres. A similar condition had been documented during the preceding inspection.,Personal Protective Equipment,Safety,Medium,Yes
Inspection records for the electrical area indicate firefighting provisions were incomplete or not readily available. The condition was minor and required routine attention. The condition was confirmed by direct examination. The affected area covered approximately 40 metres. No comparable deficiency was found in the earlier inspection record.,Fire Safety,Safety,Low,No
It was observed that water accumulation indicated inadequate drainage performance at the surface approach. The deficiency was serious enough to affect safe mine operations and required prompt intervention. Field measurements and records were reviewed during the visit. The observation concerned inspection point 6. Available records did not indicate an earlier occurrence.,Water Drainage,Environment,High,No
"During the current visit, the electrical area showed firefighting equipment was accessible, inspected, and ready for use. The condition was minor and required routine attention.",Fire Safety,Safety,Low,No
diesel bay inspection identified inspection identified gaps in the readiness of fire protection equipment. The condition presented a significant safety concern requiring priority attention. The affected arrangement was examined under normal working conditions. The affected section was located near access marker 3. This was recorded as a new observation.,Fire Safety,Safety,High,No
"During the current visit, the workshop showed the fire protection arrangement did not fully meet the expected readiness level. The condition represented a moderate operational concern and required timely attention. The observation was supported by available inspection records. Review included 5 relevant components or records. No similar condition was identified in the preceding inspection.",Fire Safety,Safety,Medium,No
"Field examination of the surface facilities showed that some emergency preparedness records and arrangements were incomplete. No immediate operational hazard was evident, although the observation required follow-up. The condition was confirmed by direct examination. The affected area covered approximately 40 metres. No comparable deficiency was found in the earlier inspection record.",Emergency Preparedness,Emergency Safety,Low,No
Field examination of the remote face showed that air circulation had deteriorated beyond the acceptable limit. The condition presented a significant safety concern requiring priority attention. Operational checks were carried out at the time of inspection. The condition was verified during shift A. Earlier inspection records indicated that this issue had occurred before.,Ventilation,Safety,High,Yes
mechanical workshop inspection identified brake and service records for the equipment were not fully available. The condition represented a moderate operational concern and required timely attention. Field measurements and records were reviewed during the visit. The observation concerned inspection point 5. The condition had not been documented during the previous inspection.,Equipment Maintenance,Equipment Safety,Medium,No
Continued operation without correction could expose personnel to a substantial hazard; this inspection therefore recorded the electrical installation showed signs of moisture-related deterioration at the underground distribution area. Operational checks were carried out at the time of inspection. The condition was verified during shift A. A comparable observation from the previous inspection remained unresolved.,Electrical Safety,Electrical,High,Yes
"The inspection team noted the suppression system was providing inadequate dust reduction in the transfer point; The arrangement remained largely satisfactory, with only limited improvement required. The affected arrangement was examined under normal working conditions. The affected section was located near access marker 1. A comparable observation from the previous inspection remained unresolved.",Dust Suppression,Environment,Low,Yes
Field examination of the underground distribution area showed that the electrical installation showed signs of moisture-related deterioration. The condition was assessed as critical because of the immediate potential for a major incident. The observation was supported by available inspection records. Review included 8 relevant components or records. Earlier inspection records indicated that this issue had occurred before.,Electrical Safety,Electrical,Critical,Yes
Field examination of the development heading showed that multiple support bolts displayed signs of weakening. The condition presented a significant safety concern requiring priority attention. Field measurements and records were reviewed during the visit. The observation concerned inspection point 6. No comparable deficiency was found in the earlier inspection record.,Roof Support,Ground Control,High,No
Field examination of the rescue station showed that accessibility and readiness of emergency provisions required attention. The condition presented a significant safety concern requiring priority attention. Operational checks were carried out at the time of inspection. The condition was verified during shift B. This was recorded as a new observation.,Emergency Preparedness,Emergency Safety,High,No
"A review of conditions at the working area revealed some personnel were observed without complete prescribed PPE. If left unattended, the deficiency could affect safe and reliable operation. Field measurements and records were reviewed during the visit. The observation concerned inspection point 3. No comparable deficiency was found in the earlier inspection record.",Personal Protective Equipment,Safety,Medium,No
It was observed that accessibility and readiness of emergency provisions required attention at the underground escape route. The condition presented a significant safety concern requiring priority attention. The condition was confirmed by direct examination. The affected area covered approximately 40 metres. No similar condition was identified in the preceding inspection.,Emergency Preparedness,Emergency Safety,High,No
"A review of conditions at the surface facilities revealed the inspected response facilities showed gaps in readiness. No immediate operational hazard was evident, although the observation required follow-up. Field measurements and records were reviewed during the visit. The observation concerned inspection point 7. A similar condition had been documented during the preceding inspection.",Emergency Preparedness,Emergency Safety,Low,Yes
"Operational verification confirmed roof support elements exhibited deterioration requiring closer attention in the coal face. No immediate operational hazard was evident, although the observation required follow-up. Field measurements and records were reviewed during the visit. The observation concerned inspection point 5. No comparable deficiency was found in the earlier inspection record.",Roof Support,Ground Control,Low,No
"A review of conditions at the working panel revealed water accumulation indicated inadequate drainage performance. If left unattended, the deficiency could affect safe and reliable operation. The observation was supported by available inspection records. Review included 3 relevant components or records. A similar condition had been documented during the preceding inspection.",Water Drainage,Environment,Medium,Yes
"During the current visit, the remote face showed measured airflow remained below the applicable requirement. The condition was not immediately critical but could worsen during continued operation. The affected arrangement was examined under normal working conditions. The affected section was located near access marker 2. No similar condition was identified in the preceding inspection.",Ventilation,Safety,Medium,No
"The inspection team noted moisture and degraded insulation were found around electrical components in the service section; No immediate operational hazard was evident, although the observation required follow-up. Field measurements and records were reviewed during the visit. The observation concerned inspection point 3. Available records did not indicate an earlier occurrence.",Electrical Safety,Electrical,Low,No
"At the surface facilities, some emergency preparedness records and arrangements were incomplete was recorded during field verification. No immediate operational hazard was evident, although the observation required follow-up. Operational checks were carried out at the time of inspection. The condition was verified during shift A. A comparable observation from the previous inspection remained unresolved.",Emergency Preparedness,Emergency Safety,Low,Yes
It was observed that access to selected firefighting equipment was restricted at the workshop. Continued operation without correction could expose personnel to a substantial hazard. The condition was confirmed by direct examination. The affected area covered approximately 40 metres. The condition had not been documented during the previous inspection.,Fire Safety,Safety,High,No
"During the current visit, the underground section showed air velocity was below the required operating level. If left unattended, the deficiency could affect safe and reliable operation. The affected arrangement was examined under normal working conditions. The affected section was located near access marker 6. Available records did not indicate an earlier occurrence.",Ventilation,Safety,Medium,No
"Inspection records for the diesel bay indicate access to selected firefighting equipment was restricted. No immediate operational hazard was evident, although the observation required follow-up. Operational checks were carried out at the time of inspection. The condition was verified during shift A. Records showed that the same deficiency had been raised earlier.",Fire Safety,Safety,Low,Yes
"At the emergency assembly point, some emergency preparedness records and arrangements were incomplete was recorded during field verification. The condition was minor and required routine attention. Field measurements and records were reviewed during the visit. The observation concerned inspection point 3. The condition had not been documented during the previous inspection.",Emergency Preparedness,Emergency Safety,Low,No
Inspection records for the transfer point indicate the dust control arrangement was not operating effectively. Continued operation without correction could expose personnel to a substantial hazard. The condition was confirmed by direct examination. The affected area covered approximately 40 metres. No comparable deficiency was found in the earlier inspection record.,Dust Suppression,Environment,High,No
The inspection team noted traffic conditions were affected by deterioration of the transport route in the loading area; The condition was not immediately critical but could worsen during continued operation. The condition was confirmed by direct examination. The affected area covered approximately 40 metres. Available records did not indicate an earlier occurrence.,Haul Road,Mine Safety,Medium,No
"A review of conditions at the underground roadway revealed the sump and drainage arrangement required cleaning and maintenance. No immediate operational hazard was evident, although the observation required follow-up. The condition was confirmed by direct examination. The affected area covered approximately 40 metres. Earlier inspection records indicated that this issue had occurred before.",Water Drainage,Environment,Low,Yes
"At the rescue station, the inspected response facilities showed gaps in readiness was recorded during field verification. The condition was not immediately critical but could worsen during continued operation. The observation was supported by available inspection records. Review included 4 relevant components or records. No similar condition was identified in the preceding inspection.",Emergency Preparedness,Emergency Safety,Medium,No
"At the working section, dust mitigation measures were not consistently available was recorded during field verification. The deficiency was limited and no immediate safety concern was identified. Field measurements and records were reviewed during the visit. The observation concerned inspection point 5. Available records did not indicate an earlier occurrence.",Dust Suppression,Environment,Low,No
Field examination of the diesel bay showed that the fire protection arrangement did not fully meet the expected readiness level. The condition presented a significant safety concern requiring priority attention. Operational checks were carried out at the time of inspection. The condition was verified during shift C. Available records did not indicate an earlier occurrence.,Fire Safety,Safety,High,No
It was observed that firefighting provisions were incomplete or not readily available at the workshop. Continued operation without correction could expose personnel to a substantial hazard. Field measurements and records were reviewed during the visit. The observation concerned inspection point 1. Records showed that the same deficiency had been raised earlier.,Fire Safety,Safety,High,Yes
"diesel bay inspection identified firefighting equipment was accessible, inspected, and ready for use. The deficiency was limited and no immediate safety concern was identified.",Fire Safety,Safety,Low,No
working panel inspection identified water removal from the working area was slower than expected. The condition was assessed as critical because of the immediate potential for a major incident. Operational checks were carried out at the time of inspection. The condition was verified during shift C. No similar condition was identified in the preceding inspection.,Water Drainage,Environment,Critical,No
"surface section inspection identified the roadway surface was properly graded and traffic controls were functioning. No immediate operational hazard was evident, although the observation required follow-up.",Haul Road,Mine Safety,Low,No
Inspection records for the workshop indicate access to selected firefighting equipment was restricted. The condition represented a moderate operational concern and required timely attention. Field measurements and records were reviewed during the visit. The observation concerned inspection point 5. The condition had not been documented during the previous inspection.,Fire Safety,Safety,Medium,No
Operational verification confirmed the roadway surface had potholes and uneven grading in the transport corridor. Immediate intervention was necessary because the condition presented a serious threat to personnel and operations. The affected arrangement was examined under normal working conditions. The affected section was located near access marker 4. A comparable observation from the previous inspection remained unresolved.,Haul Road,Mine Safety,Critical,Yes
Inspection records for the equipment bay indicate inspection of machinery records revealed gaps in preventive maintenance. The condition presented a significant safety concern requiring priority attention. The observation was supported by available inspection records. Review included 2 relevant components or records. A similar condition had been documented during the preceding inspection.,Equipment Maintenance,Equipment Safety,High,Yes
"A review of conditions at the loading area revealed the roadway surface was properly graded and traffic controls were functioning. The arrangement remained largely satisfactory, with only limited improvement required.",Haul Road,Mine Safety,Low,No
The inspection team noted standing water was observed in the affected section in the underground roadway; The condition was assessed as critical because of the immediate potential for a major incident. Field measurements and records were reviewed during the visit. The observation concerned inspection point 9. No comparable deficiency was found in the earlier inspection record.,Water Drainage,Environment,Critical,No
Field examination of the electrical room showed that several cable junction points required corrective attention. The condition presented a significant safety concern requiring priority attention. The observation was supported by available inspection records. Review included 8 relevant components or records. No comparable deficiency was found in the earlier inspection record.,Electrical Safety,Electrical,High,No
A review of conditions at the remote face revealed the ventilation arrangement was not providing adequate airflow. The deficiency was serious enough to affect safe mine operations and required prompt intervention. The affected arrangement was examined under normal working conditions. The affected section was located near access marker 11. The condition had not been documented during the previous inspection.,Ventilation,Safety,High,No
"During the current visit, the transport corridor showed the roadway surface was properly graded and traffic controls were functioning. The deficiency was limited and no immediate safety concern was identified.",Haul Road,Mine Safety,Low,No
Inspection records for the emergency assembly point indicate the inspected response facilities showed gaps in readiness. Immediate intervention was necessary because the condition presented a serious threat to personnel and operations. The affected arrangement was examined under normal working conditions. The affected section was located near access marker 8. No similar condition was identified in the preceding inspection.,Emergency Preparedness,Emergency Safety,Critical,No
The condition was minor and required routine attention; this inspection therefore recorded traffic conditions were affected by deterioration of the transport route at the loading area. The affected arrangement was examined under normal working conditions. The affected section was located near access marker 1. A comparable observation from the previous inspection remained unresolved.,Haul Road,Mine Safety,Low,Yes
"No immediate operational hazard was evident, although the observation required follow-up; this inspection therefore recorded electrical enclosures were dry and insulation readings were within acceptable limits at the primary substation.",Electrical Safety,Electrical,Low,No
It was observed that the ventilation arrangement was not providing adequate airflow at the remote face. The condition presented a significant safety concern requiring priority attention. The affected arrangement was examined under normal working conditions. The affected section was located near access marker 7. The condition had also been reported during the last inspection cycle.,Ventilation,Safety,High,Yes
"At the Level -2, measured airflow remained below the applicable requirement was recorded during field verification. The observation represented a critical safety concern with potential for severe consequences. The condition was confirmed by direct examination. The affected area covered approximately 40 metres. No comparable deficiency was found in the earlier inspection record.",Ventilation,Safety,Critical,No
low-lying section inspection identified water removal from the working area was slower than expected. The condition was assessed as critical because of the immediate potential for a major incident. The affected arrangement was examined under normal working conditions. The affected section was located near access marker 12. This was recorded as a new observation.,Water Drainage,Environment,Critical,No
The observed condition created a significant operational and safety concern; this inspection therefore recorded the mine roadway showed poor surface condition and inadequate control measures at the loading area. The condition was confirmed by direct examination. The affected area covered approximately 40 metres. Available records did not indicate an earlier occurrence.,Haul Road,Mine Safety,High,No
"No immediate operational hazard was evident, although the observation required follow-up; this inspection therefore recorded drainage channels were partially obstructed at the surface approach. Operational checks were carried out at the time of inspection. The condition was verified during shift C. Available records did not indicate an earlier occurrence.",Water Drainage,Environment,Low,No
"surface facilities inspection identified emergency response documentation was not fully current. No immediate operational hazard was evident, although the observation required follow-up. The observation was supported by available inspection records. Review included 6 relevant components or records. This was recorded as a new observation.",Emergency Preparedness,Emergency Safety,Low,No
A review of conditions at the low-lying section revealed the sump and drainage arrangement required cleaning and maintenance. The observed condition created a significant operational and safety concern. Field measurements and records were reviewed during the visit. The observation concerned inspection point 1. The condition had also been reported during the last inspection cycle.,Water Drainage,Environment,High,Yes
It was observed that drainage channels were partially obstructed at the surface approach. The condition represented a moderate operational concern and required timely attention. The affected arrangement was examined under normal working conditions. The affected section was located near access marker 2. The condition had not been documented during the previous inspection.,Water Drainage,Environment,Medium,No
It was observed that protective equipment compliance was inconsistent in the inspected area at the working area. The deficiency was limited and no immediate safety concern was identified. Operational checks were carried out at the time of inspection. The condition was verified during shift C. The condition had not been documented during the previous inspection.,Personal Protective Equipment,Safety,Low,No
working section inspection identified the dust suppression arrangement was functioning effectively during operations. The condition was minor and required routine attention.,Dust Suppression,Environment,Low,No
The inspection team noted availability and use of protective gear required improvement in the maintenance zone; The condition represented a moderate operational concern and required timely attention. Field measurements and records were reviewed during the visit. The observation concerned inspection point 1. The condition had also been reported during the last inspection cycle.,Personal Protective Equipment,Safety,Medium,Yes
"Operational verification confirmed firefighting provisions were incomplete or not readily available in the diesel bay. If left unattended, the deficiency could affect safe and reliable operation. The affected arrangement was examined under normal working conditions. The affected section was located near access marker 10. A comparable observation from the previous inspection remained unresolved.",Fire Safety,Safety,Medium,Yes
It was observed that inspection of machinery records revealed gaps in preventive maintenance at the equipment bay. Immediate intervention was necessary because the condition presented a serious threat to personnel and operations. The condition was confirmed by direct examination. The affected area covered approximately 40 metres. Earlier inspection records indicated that this issue had occurred before.,Equipment Maintenance,Equipment Safety,Critical,Yes
"A review of conditions at the electrical area revealed access to selected firefighting equipment was restricted. If left unattended, the deficiency could affect safe and reliable operation. Operational checks were carried out at the time of inspection. The condition was verified during shift B. This was recorded as a new observation.",Fire Safety,Safety,Medium,No
Field examination of the transfer point showed that the dust control arrangement was not operating effectively. The observation required corrective attention within the normal maintenance cycle. Operational checks were carried out at the time of inspection. The condition was verified during shift A. Records showed that the same deficiency had been raised earlier.,Dust Suppression,Environment,Medium,Yes
A review of conditions at the surface facilities revealed accessibility and readiness of emergency provisions required attention. The condition was assessed as critical because of the immediate potential for a major incident. Field measurements and records were reviewed during the visit. The observation concerned inspection point 7. Earlier inspection records indicated that this issue had occurred before.,Emergency Preparedness,Emergency Safety,Critical,Yes
Operational verification confirmed traffic conditions were affected by deterioration of the transport route in the transport corridor. Urgent remedial action was required before normal operations could safely continue. Field measurements and records were reviewed during the visit. The observation concerned inspection point 4. Earlier inspection records indicated that this issue had occurred before.,Haul Road,Mine Safety,Critical,Yes
Field examination of the electrical area showed that firefighting provisions were incomplete or not readily available. The condition presented a significant safety concern requiring priority attention. The observation was supported by available inspection records. Review included 8 relevant components or records. The condition had not been documented during the previous inspection.,Fire Safety,Safety,High,No
Field examination of the primary substation showed that insulation readings on selected circuits were below the acceptable level. Immediate intervention was necessary because the condition presented a serious threat to personnel and operations. The observation was supported by available inspection records. Review included 6 relevant components or records. The condition had not been documented during the previous inspection.,Electrical Safety,Electrical,Critical,No
Field examination of the remote face showed that ventilation measurements remained within the required operating range. The condition was minor and required routine attention.,Ventilation,Safety,Low,No
It was observed that roof support elements exhibited deterioration requiring closer attention at the coal face. Immediate intervention was necessary because the condition presented a serious threat to personnel and operations. The affected arrangement was examined under normal working conditions. The affected section was located near access marker 4. The condition had also been reported during the last inspection cycle.,Roof Support,Ground Control,Critical,Yes
"During the current visit, the mechanical workshop showed maintenance documentation for operational machinery was incomplete. The deficiency was limited and no immediate safety concern was identified. The observation was supported by available inspection records. Review included 5 relevant components or records. The condition had not been documented during the previous inspection.",Equipment Maintenance,Equipment Safety,Low,No
"Inspection records for the conveyor section indicate firefighting equipment was accessible, inspected, and ready for use. The deficiency was limited and no immediate safety concern was identified.",Fire Safety,Safety,Low,No
"At the rescue station, the inspected response facilities showed gaps in readiness was recorded during field verification. If left unattended, the deficiency could affect safe and reliable operation. The affected arrangement was examined under normal working conditions. The affected section was located near access marker 10. The condition had also been reported during the last inspection cycle.",Emergency Preparedness,Emergency Safety,Medium,Yes
"During the current visit, the Level -2 showed measured airflow remained below the applicable requirement. No immediate operational hazard was evident, although the observation required follow-up. The affected arrangement was examined under normal working conditions. The affected section was located near access marker 1. Earlier inspection records indicated that this issue had occurred before.",Ventilation,Safety,Low,Yes
"During the current visit, the surface facilities showed accessibility and readiness of emergency provisions required attention. Continued operation without correction could expose personnel to a substantial hazard. The condition was confirmed by direct examination. The affected area covered approximately 40 metres. No comparable deficiency was found in the earlier inspection record.",Emergency Preparedness,Emergency Safety,High,No
"During the current visit, the underground section showed availability and use of protective gear required improvement. The condition presented a significant safety concern requiring priority attention. The observation was supported by available inspection records. Review included 3 relevant components or records. The condition had not been documented during the previous inspection.",Personal Protective Equipment,Safety,High,No
"Field examination of the underground working showed that the installed roof support system showed measurable loss of condition. If left unattended, the deficiency could affect safe and reliable operation. The condition was confirmed by direct examination. The affected area covered approximately 40 metres. The condition had also been reported during the last inspection cycle.",Roof Support,Ground Control,Medium,Yes
It was observed that protective equipment compliance was inconsistent in the inspected area at the loading point. The deficiency was limited and no immediate safety concern was identified. Operational checks were carried out at the time of inspection. The condition was verified during shift B. This was recorded as a new observation.,Personal Protective Equipment,Safety,Low,No
A review of conditions at the mechanical workshop revealed maintenance records were current and scheduled servicing had been completed. The condition was minor and required routine attention.,Equipment Maintenance,Equipment Safety,Low,No
It was observed that several workers were not consistently using the required protective equipment at the working area. Continued operation without correction could expose personnel to a substantial hazard. Operational checks were carried out at the time of inspection. The condition was verified during shift A. A similar condition had been documented during the preceding inspection.,Personal Protective Equipment,Safety,High,Yes
"At the underground section, the remote face was receiving insufficient fresh air was recorded during field verification. The condition was assessed as critical because of the immediate potential for a major incident. Field measurements and records were reviewed during the visit. The observation concerned inspection point 6. No similar condition was identified in the preceding inspection.",Ventilation,Safety,Critical,No
"During the current visit, the underground working showed the installed roof support system showed measurable loss of condition. No immediate operational hazard was evident, although the observation required follow-up. Field measurements and records were reviewed during the visit. The observation concerned inspection point 3. This was recorded as a new observation.",Roof Support,Ground Control,Low,No
"surface facilities inspection identified assembly points, first-aid provisions, and rescue readiness were found satisfactory. The deficiency was limited and no immediate safety concern was identified.",Emergency Preparedness,Emergency Safety,Low,No
main access route inspection identified several sections of the vehicle route were uneven and required repair. The deficiency was serious enough to affect safe mine operations and required prompt intervention. The condition was confirmed by direct examination. The affected area covered approximately 40 metres. No similar condition was identified in the preceding inspection.,Haul Road,Mine Safety,High,No
"Field examination of the low-lying section showed that water accumulation indicated inadequate drainage performance. No immediate operational hazard was evident, although the observation required follow-up. The affected arrangement was examined under normal working conditions. The affected section was located near access marker 9. No similar condition was identified in the preceding inspection.",Water Drainage,Environment,Low,No
A review of conditions at the working section revealed airborne dust control in the affected area required improvement. Urgent remedial action was required before normal operations could safely continue. The condition was confirmed by direct examination. The affected area covered approximately 40 metres. The condition had not been documented during the previous inspection.,Dust Suppression,Environment,Critical,No
"At the electrical area, some fire safety equipment required inspection and servicing was recorded during field verification. Continued operation without correction could expose personnel to a substantial hazard. Field measurements and records were reviewed during the visit. The observation concerned inspection point 4. The condition had also been reported during the last inspection cycle.",Fire Safety,Safety,High,Yes
"At the mechanical workshop, maintenance documentation for operational machinery was incomplete was recorded during field verification. Continued operation without correction could expose personnel to a substantial hazard. Field measurements and records were reviewed during the visit. The observation concerned inspection point 8. This was recorded as a new observation.",Equipment Maintenance,Equipment Safety,High,No
Inspection records for the underground roadway indicate the sump and drainage arrangement required cleaning and maintenance. The observed condition created a significant operational and safety concern. The observation was supported by available inspection records. Review included 2 relevant components or records. Earlier inspection records indicated that this issue had occurred before.,Water Drainage,Environment,High,Yes
"At the mechanical workshop, maintenance intervals had not been consistently observed was recorded during field verification. The observation represented a critical safety concern with potential for severe consequences. The affected arrangement was examined under normal working conditions. The affected section was located near access marker 4. A comparable observation from the previous inspection remained unresolved.",Equipment Maintenance,Equipment Safety,Critical,Yes
Field examination of the emergency assembly point showed that the inspected response facilities showed gaps in readiness. The condition was minor and required routine attention. Operational checks were carried out at the time of inspection. The condition was verified during shift B. The condition had not been documented during the previous inspection.,Emergency Preparedness,Emergency Safety,Low,No
The observation represented a critical safety concern with potential for severe consequences; this inspection therefore recorded firefighting provisions were incomplete or not readily available at the conveyor section. Field measurements and records were reviewed during the visit. The observation concerned inspection point 9. No similar condition was identified in the preceding inspection.,Fire Safety,Safety,Critical,No
A review of conditions at the underground section revealed ventilation measurements remained within the required operating range. The condition was minor and required routine attention.,Ventilation,Safety,Low,No
"It was observed that personnel in the inspected area were using the required protective equipment at the working area. No immediate operational hazard was evident, although the observation required follow-up.",Personal Protective Equipment,Safety,Low,No
"low-lying section inspection identified water removal from the working area was slower than expected. The arrangement remained largely satisfactory, with only limited improvement required. The affected arrangement was examined under normal working conditions. The affected section was located near access marker 1. The condition had also been reported during the last inspection cycle.",Water Drainage,Environment,Low,Yes
"Inspection records for the loading area indicate traffic conditions were affected by deterioration of the transport route. If left unattended, the deficiency could affect safe and reliable operation. The affected arrangement was examined under normal working conditions. The affected section was located near access marker 10. The condition had also been reported during the last inspection cycle.",Haul Road,Mine Safety,Medium,Yes
"The arrangement remained largely satisfactory, with only limited improvement required; this inspection therefore recorded the roadway surface was properly graded and traffic controls were functioning at the transport corridor.",Haul Road,Mine Safety,Low,No
A review of conditions at the transfer point revealed the suppression system was providing inadequate dust reduction. Urgent remedial action was required before normal operations could safely continue. Field measurements and records were reviewed during the visit. The observation concerned inspection point 9. This was recorded as a new observation.,Dust Suppression,Environment,Critical,No
The inspection team noted brake and service records for the equipment were not fully available in the mechanical workshop; The condition was not immediately critical but could worsen during continued operation. The observation was supported by available inspection records. Review included 5 relevant components or records. Available records did not indicate an earlier occurrence.,Equipment Maintenance,Equipment Safety,Medium,No
"During the current visit, the primary substation showed insulation readings on selected circuits were below the acceptable level. The arrangement remained largely satisfactory, with only limited improvement required. Field measurements and records were reviewed during the visit. The observation concerned inspection point 7. A comparable observation from the previous inspection remained unresolved.",Electrical Safety,Electrical,Low,Yes
The condition was not immediately critical but could worsen during continued operation; this inspection therefore recorded moisture and degraded insulation were found around electrical components at the electrical room. Field measurements and records were reviewed during the visit. The observation concerned inspection point 8. Available records did not indicate an earlier occurrence.,Electrical Safety,Electrical,Medium,No
"At the working panel, water accumulation indicated inadequate drainage performance was recorded during field verification. Urgent remedial action was required before normal operations could safely continue. Field measurements and records were reviewed during the visit. The observation concerned inspection point 7. A comparable observation from the previous inspection remained unresolved.",Water Drainage,Environment,Critical,Yes
Operational verification confirmed the required safety gear was not being used uniformly in the underground section. The condition was assessed as critical because of the immediate potential for a major incident. The condition was confirmed by direct examination. The affected area covered approximately 40 metres. The condition had also been reported during the last inspection cycle.,Personal Protective Equipment,Safety,Critical,Yes
"At the loading point, some personnel were observed without complete prescribed PPE was recorded during field verification. The condition was not immediately critical but could worsen during continued operation. The condition was confirmed by direct examination. The affected area covered approximately 40 metres. This was recorded as a new observation.",Personal Protective Equipment,Safety,Medium,No
Field examination of the mechanical workshop showed that maintenance records were current and scheduled servicing had been completed. The condition was minor and required routine attention.,Equipment Maintenance,Equipment Safety,Low,No
A review of conditions at the loading area revealed dust mitigation measures were not consistently available. Immediate intervention was necessary because the condition presented a serious threat to personnel and operations. The observation was supported by available inspection records. Review included 6 relevant components or records. No similar condition was identified in the preceding inspection.,Dust Suppression,Environment,Critical,No
"underground distribution area inspection identified degraded electrical protection was observed in the inspected installation. No immediate operational hazard was evident, although the observation required follow-up. The affected arrangement was examined under normal working conditions. The affected section was located near access marker 1. Earlier inspection records indicated that this issue had occurred before.",Electrical Safety,Electrical,Low,Yes
Field examination of the working panel showed that standing water was observed in the affected section. The condition presented a significant safety concern requiring priority attention. Operational checks were carried out at the time of inspection. The condition was verified during shift A. The condition had also been reported during the last inspection cycle.,Water Drainage,Environment,High,Yes
Inspection records for the equipment bay indicate maintenance intervals had not been consistently observed. The condition was assessed as critical because of the immediate potential for a major incident. The condition was confirmed by direct examination. The affected area covered approximately 40 metres. The condition had not been documented during the previous inspection.,Equipment Maintenance,Equipment Safety,Critical,No
Operational verification confirmed water removal from the working area was slower than expected in the surface approach. The condition was assessed as critical because of the immediate potential for a major incident. Operational checks were carried out at the time of inspection. The condition was verified during shift B. This was recorded as a new observation.,Water Drainage,Environment,Critical,No
The inspection team noted maintenance records were current and scheduled servicing had been completed in the mechanical workshop; The condition was minor and required routine attention.,Equipment Maintenance,Equipment Safety,Low,No
The inspection team noted protective equipment compliance was inconsistent in the inspected area in the working area; The condition was minor and required routine attention. The observation was supported by available inspection records. Review included 3 relevant components or records. No comparable deficiency was found in the earlier inspection record.,Personal Protective Equipment,Safety,Low,No
"During the current visit, the rescue station showed accessibility and readiness of emergency provisions required attention. The condition presented a significant safety concern requiring priority attention. The affected arrangement was examined under normal working conditions. The affected section was located near access marker 11. Available records did not indicate an earlier occurrence.",Emergency Preparedness,Emergency Safety,High,No
A review of conditions at the mechanical workshop revealed brake and service records for the equipment were not fully available. Urgent remedial action was required before normal operations could safely continue. The observation was supported by available inspection records. Review included 8 relevant components or records. A similar condition had been documented during the preceding inspection.,Equipment Maintenance,Equipment Safety,Critical,Yes
A review of conditions at the development heading revealed several rock bolts showed corrosion and reduced integrity. The condition was minor and required routine attention. The affected arrangement was examined under normal working conditions. The affected section was located near access marker 9. The condition had not been documented during the previous inspection.,Roof Support,Ground Control,Low,No
The observed condition created a significant operational and safety concern; this inspection therefore recorded the mine roadway showed poor surface condition and inadequate control measures at the transport corridor. Field measurements and records were reviewed during the visit. The observation concerned inspection point 1. The condition had also been reported during the last inspection cycle.,Haul Road,Mine Safety,High,Yes
"If left unattended, the deficiency could affect safe and reliable operation; this inspection therefore recorded the ventilation arrangement was not providing adequate airflow at the remote face. The observation was supported by available inspection records. Review included 4 relevant components or records. Available records did not indicate an earlier occurrence.",Ventilation,Safety,Medium,No
It was observed that installed roof supports were intact and showed no material loss of integrity at the coal face. The condition was minor and required routine attention.,Roof Support,Ground Control,Low,No
The deficiency was limited and no immediate safety concern was identified; this inspection therefore recorded brake and service records for the equipment were not fully available at the working panel. The affected arrangement was examined under normal working conditions. The affected section was located near access marker 5. No comparable deficiency was found in the earlier inspection record.,Equipment Maintenance,Equipment Safety,Low,No
Inspection records for the underground distribution area indicate moisture and degraded insulation were found around electrical components. The observation represented a critical safety concern with potential for severe consequences. The observation was supported by available inspection records. Review included 7 relevant components or records. This was recorded as a new observation.,Electrical Safety,Electrical,Critical,No
"During the current visit, the primary substation showed the electrical installation showed signs of moisture-related deterioration. Continued operation without correction could expose personnel to a substantial hazard. Operational checks were carried out at the time of inspection. The condition was verified during shift A. Earlier inspection records indicated that this issue had occurred before.",Electrical Safety,Electrical,High,Yes
"At the underground distribution area, electrical enclosures were dry and insulation readings were within acceptable limits was recorded during field verification. The arrangement remained largely satisfactory, with only limited improvement required.",Electrical Safety,Electrical,Low,No
Immediate intervention was necessary because the condition presented a serious threat to personnel and operations; this inspection therefore recorded measured airflow remained below the applicable requirement at the underground section. The condition was confirmed by direct examination. The affected area covered approximately 40 metres. A similar condition had been documented during the preceding inspection.,Ventilation,Safety,Critical,Yes
The inspection team noted the dust suppression arrangement was functioning effectively during operations in the loading area; The condition was minor and required routine attention.,Dust Suppression,Environment,Low,No
"At the emergency assembly point, assembly points, first-aid provisions, and rescue readiness were found satisfactory was recorded during field verification. The deficiency was limited and no immediate safety concern was identified.",Emergency Preparedness,Emergency Safety,Low,No
Field examination of the primary substation showed that several cable junction points required corrective attention. The deficiency was serious enough to affect safe mine operations and required prompt intervention. Operational checks were carried out at the time of inspection. The condition was verified during shift B. No comparable deficiency was found in the earlier inspection record.,Electrical Safety,Electrical,High,No
"At the diesel bay, firefighting equipment was accessible, inspected, and ready for use was recorded during field verification. The deficiency was limited and no immediate safety concern was identified.",Fire Safety,Safety,Low,No
The condition was not immediately critical but could worsen during continued operation; this inspection therefore recorded the electrical installation showed signs of moisture-related deterioration at the primary substation. Operational checks were carried out at the time of inspection. The condition was verified during shift B. The condition had not been documented during the previous inspection.,Electrical Safety,Electrical,Medium,No
"During the current visit, the working panel showed air velocity was below the required operating level. The condition was minor and required routine attention. The observation was supported by available inspection records. Review included 5 relevant components or records. No similar condition was identified in the preceding inspection.",Ventilation,Safety,Low,No
Inspection records for the remote face indicate measured airflow remained below the applicable requirement. The condition represented a moderate operational concern and required timely attention. Operational checks were carried out at the time of inspection. The condition was verified during shift A. Earlier inspection records indicated that this issue had occurred before.,Ventilation,Safety,Medium,Yes
"During the current visit, the surface facilities showed the inspected response facilities showed gaps in readiness. The observed condition created a significant operational and safety concern. The observation was supported by available inspection records. Review included 2 relevant components or records. A comparable observation from the previous inspection remained unresolved.",Emergency Preparedness,Emergency Safety,High,Yes
"During the current visit, the development heading showed installed roof supports were intact and showed no material loss of integrity. The condition was minor and required routine attention.",Roof Support,Ground Control,Low,No
Inspection records for the Level -2 indicate air circulation had deteriorated beyond the acceptable limit. The deficiency was limited and no immediate safety concern was identified. The affected arrangement was examined under normal working conditions. The affected section was located near access marker 1. A comparable observation from the previous inspection remained unresolved.,Ventilation,Safety,Low,Yes
A review of conditions at the main access route revealed road conditions could adversely affect safe movement of mine vehicles. The condition presented a significant safety concern requiring priority attention. The affected arrangement was examined under normal working conditions. The affected section was located near access marker 7. Earlier inspection records indicated that this issue had occurred before.,Haul Road,Mine Safety,High,Yes
working area inspection identified some personnel were observed without complete prescribed PPE. The observed condition created a significant operational and safety concern. Field measurements and records were reviewed during the visit. The observation concerned inspection point 8. No similar condition was identified in the preceding inspection.,Personal Protective Equipment,Safety,High,No
It was observed that several sections of the vehicle route were uneven and required repair at the main access route. The deficiency was serious enough to affect safe mine operations and required prompt intervention. Field measurements and records were reviewed during the visit. The observation concerned inspection point 6. This was recorded as a new observation.,Haul Road,Mine Safety,High,No
Field examination of the loading point showed that availability and use of protective gear required improvement. Immediate intervention was necessary because the condition presented a serious threat to personnel and operations. The observation was supported by available inspection records. Review included 6 relevant components or records. No similar condition was identified in the preceding inspection.,Personal Protective Equipment,Safety,Critical,No
The inspection team noted multiple support bolts displayed signs of weakening in the active panel; Continued operation without correction could expose personnel to a substantial hazard. The condition was confirmed by direct examination. The affected area covered approximately 40 metres. The condition had not been documented during the previous inspection.,Roof Support,Ground Control,High,No
A review of conditions at the working section revealed water spray equipment was inactive during the inspection. Urgent remedial action was required before normal operations could safely continue. The affected arrangement was examined under normal working conditions. The affected section was located near access marker 8. The condition had not been documented during the previous inspection.,Dust Suppression,Environment,Critical,No
Inspection records for the underground section indicate the required safety gear was not being used uniformly. The observation represented a critical safety concern with potential for severe consequences. The affected arrangement was examined under normal working conditions. The affected section was located near access marker 4. The condition had also been reported during the last inspection cycle.,Personal Protective Equipment,Safety,Critical,Yes
Continued operation without correction could expose personnel to a substantial hazard; this inspection therefore recorded measured airflow remained below the applicable requirement at the underground section. Operational checks were carried out at the time of inspection. The condition was verified during shift B. This was recorded as a new observation.,Ventilation,Safety,High,No
Inspection records for the working panel indicate scheduled servicing of one or more machines had been delayed. The deficiency was limited and no immediate safety concern was identified. The affected arrangement was examined under normal working conditions. The affected section was located near access marker 1. A comparable observation from the previous inspection remained unresolved.,Equipment Maintenance,Equipment Safety,Low,Yes
"It was observed that maintenance records were current and scheduled servicing had been completed at the working panel. No immediate operational hazard was evident, although the observation required follow-up.",Equipment Maintenance,Equipment Safety,Low,No
surface section inspection identified road conditions could adversely affect safe movement of mine vehicles. The condition presented a significant safety concern requiring priority attention. Operational checks were carried out at the time of inspection. The condition was verified during shift A. Records showed that the same deficiency had been raised earlier.,Haul Road,Mine Safety,High,Yes
"At the coal face, multiple support bolts displayed signs of weakening was recorded during field verification. The observation required corrective attention within the normal maintenance cycle. Operational checks were carried out at the time of inspection. The condition was verified during shift B. This was recorded as a new observation.",Roof Support,Ground Control,Medium,No
"It was observed that structural support components required immediate assessment at the active panel. If left unattended, the deficiency could affect safe and reliable operation. Operational checks were carried out at the time of inspection. The condition was verified during shift A. A similar condition had been documented during the preceding inspection.",Roof Support,Ground Control,Medium,Yes
A review of conditions at the loading point revealed protective equipment compliance was inconsistent in the inspected area. The condition was minor and required routine attention. The observation was supported by available inspection records. Review included 6 relevant components or records. This was recorded as a new observation.,Personal Protective Equipment,Safety,Low,No
It was observed that the sump and drainage arrangement required cleaning and maintenance at the surface approach. The observed condition created a significant operational and safety concern. Field measurements and records were reviewed during the visit. The observation concerned inspection point 4. The condition had also been reported during the last inspection cycle.,Water Drainage,Environment,High,Yes
Field examination of the working section showed that the suppression system was providing inadequate dust reduction. The condition was minor and required routine attention. The condition was confirmed by direct examination. The affected area covered approximately 40 metres. Earlier inspection records indicated that this issue had occurred before.,Dust Suppression,Environment,Low,Yes
Inspection records for the working area indicate several workers were not consistently using the required protective equipment. The condition was minor and required routine attention. Field measurements and records were reviewed during the visit. The observation concerned inspection point 3. No similar condition was identified in the preceding inspection.,Personal Protective Equipment,Safety,Low,No
The inspection team noted the installed roof support system showed measurable loss of condition in the development heading; The deficiency was limited and no immediate safety concern was identified. Operational checks were carried out at the time of inspection. The condition was verified during shift C. No comparable deficiency was found in the earlier inspection record.,Roof Support,Ground Control,Low,No
The condition represented a moderate operational concern and required timely attention; this inspection therefore recorded the emergency response arrangement required improvement at the surface facilities. The observation was supported by available inspection records. Review included 8 relevant components or records. The condition had not been documented during the previous inspection.,Emergency Preparedness,Emergency Safety,Medium,No
"At the emergency assembly point, emergency response documentation was not fully current was recorded during field verification. Urgent remedial action was required before normal operations could safely continue. The observation was supported by available inspection records. Review included 8 relevant components or records. Records showed that the same deficiency had been raised earlier.",Emergency Preparedness,Emergency Safety,Critical,Yes
"During the current visit, the underground section showed the remote face was receiving insufficient fresh air. Continued operation without correction could expose personnel to a substantial hazard. Operational checks were carried out at the time of inspection. The condition was verified during shift C. Available records did not indicate an earlier occurrence.",Ventilation,Safety,High,No
It was observed that some personnel were observed without complete prescribed PPE at the maintenance zone. Immediate intervention was necessary because the condition presented a serious threat to personnel and operations. The condition was confirmed by direct examination. The affected area covered approximately 40 metres. No comparable deficiency was found in the earlier inspection record.,Personal Protective Equipment,Safety,Critical,No
Level -2 inspection identified measured airflow remained below the applicable requirement. The condition was assessed as critical because of the immediate potential for a major incident. The condition was confirmed by direct examination. The affected area covered approximately 40 metres. Available records did not indicate an earlier occurrence.,Ventilation,Safety,Critical,No
It was observed that the installed roof support system showed measurable loss of condition at the development heading. Continued operation without correction could expose personnel to a substantial hazard. The observation was supported by available inspection records. Review included 2 relevant components or records. A comparable observation from the previous inspection remained unresolved.,Roof Support,Ground Control,High,Yes
It was observed that moisture and degraded insulation were found around electrical components at the primary substation. Immediate intervention was necessary because the condition presented a serious threat to personnel and operations. Operational checks were carried out at the time of inspection. The condition was verified during shift C. No comparable deficiency was found in the earlier inspection record.,Electrical Safety,Electrical,Critical,No
"Inspection records for the working panel indicate maintenance records were current and scheduled servicing had been completed. The arrangement remained largely satisfactory, with only limited improvement required.",Equipment Maintenance,Equipment Safety,Low,No
"During the current visit, the rescue station showed some emergency preparedness records and arrangements were incomplete. If left unattended, the deficiency could affect safe and reliable operation. The condition was confirmed by direct examination. The affected area covered approximately 40 metres. Earlier inspection records indicated that this issue had occurred before.",Emergency Preparedness,Emergency Safety,Medium,Yes
Field examination of the loading point showed that the required safety gear was not being used uniformly. The condition was not immediately critical but could worsen during continued operation. The affected arrangement was examined under normal working conditions. The affected section was located near access marker 2. No comparable deficiency was found in the earlier inspection record.,Personal Protective Equipment,Safety,Medium,No
Operational verification confirmed some fire safety equipment required inspection and servicing in the electrical area. The condition presented a significant safety concern requiring priority attention. The observation was supported by available inspection records. Review included 2 relevant components or records. A comparable observation from the previous inspection remained unresolved.,Fire Safety,Safety,High,Yes
Field examination of the surface approach showed that the sump and drainage arrangement required cleaning and maintenance. Immediate intervention was necessary because the condition presented a serious threat to personnel and operations. The condition was confirmed by direct examination. The affected area covered approximately 40 metres. Records showed that the same deficiency had been raised earlier.,Water Drainage,Environment,Critical,Yes
"underground section inspection identified maintenance records were current and scheduled servicing had been completed. The arrangement remained largely satisfactory, with only limited improvement required.",Equipment Maintenance,Equipment Safety,Low,No
Inspection records for the workshop indicate inspection identified gaps in the readiness of fire protection equipment. The observation required corrective attention within the normal maintenance cycle. The observation was supported by available inspection records. Review included 8 relevant components or records. No similar condition was identified in the preceding inspection.,Fire Safety,Safety,Medium,No
Operational verification confirmed the mine roadway showed poor surface condition and inadequate control measures in the loading area. The condition was minor and required routine attention. The condition was confirmed by direct examination. The affected area covered approximately 40 metres. This was recorded as a new observation.,Haul Road,Mine Safety,Low,No
The inspection team noted the ventilation arrangement was not providing adequate airflow in the remote face; The deficiency was limited and no immediate safety concern was identified. Field measurements and records were reviewed during the visit. The observation concerned inspection point 7. Earlier inspection records indicated that this issue had occurred before.,Ventilation,Safety,Low,Yes
The inspection team noted air velocity was below the required operating level in the Level -2; The observation required corrective attention within the normal maintenance cycle. The observation was supported by available inspection records. Review included 2 relevant components or records. No similar condition was identified in the preceding inspection.,Ventilation,Safety,Medium,No
"During the current visit, the active panel showed roof support elements exhibited deterioration requiring closer attention. The deficiency was limited and no immediate safety concern was identified. Field measurements and records were reviewed during the visit. The observation concerned inspection point 7. Earlier inspection records indicated that this issue had occurred before.",Roof Support,Ground Control,Low,Yes
"At the workshop, the fire protection arrangement did not fully meet the expected readiness level was recorded during field verification. The observation required corrective attention within the normal maintenance cycle. The affected arrangement was examined under normal working conditions. The affected section was located near access marker 2. Available records did not indicate an earlier occurrence.",Fire Safety,Safety,Medium,No
It was observed that air circulation had deteriorated beyond the acceptable limit at the working panel. The deficiency was serious enough to affect safe mine operations and required prompt intervention. Field measurements and records were reviewed during the visit. The observation concerned inspection point 1. A similar condition had been documented during the preceding inspection.,Ventilation,Safety,High,Yes
Operational verification confirmed the sump and drainage arrangement required cleaning and maintenance in the low-lying section. Immediate intervention was necessary because the condition presented a serious threat to personnel and operations. Field measurements and records were reviewed during the visit. The observation concerned inspection point 4. Earlier inspection records indicated that this issue had occurred before.,Water Drainage,Environment,Critical,Yes
"Operational verification confirmed the roadway surface was properly graded and traffic controls were functioning in the main access route. The arrangement remained largely satisfactory, with only limited improvement required.",Haul Road,Mine Safety,Low,No
Inspection records for the main access route indicate road conditions could adversely affect safe movement of mine vehicles. The condition was minor and required routine attention. The condition was confirmed by direct examination. The affected area covered approximately 40 metres. No similar condition was identified in the preceding inspection.,Haul Road,Mine Safety,Low,No
"During the current visit, the rescue station showed accessibility and readiness of emergency provisions required attention. If left unattended, the deficiency could affect safe and reliable operation. Field measurements and records were reviewed during the visit. The observation concerned inspection point 1. A comparable observation from the previous inspection remained unresolved.",Emergency Preparedness,Emergency Safety,Medium,Yes
A review of conditions at the workshop revealed firefighting provisions were incomplete or not readily available. Continued operation without correction could expose personnel to a substantial hazard. The condition was confirmed by direct examination. The affected area covered approximately 40 metres. The condition had also been reported during the last inspection cycle.,Fire Safety,Safety,High,Yes
It was observed that moisture and degraded insulation were found around electrical components at the service section. Urgent remedial action was required before normal operations could safely continue. Field measurements and records were reviewed during the visit. The observation concerned inspection point 9. No similar condition was identified in the preceding inspection.,Electrical Safety,Electrical,Critical,No
It was observed that some fire safety equipment required inspection and servicing at the diesel bay. The condition represented a moderate operational concern and required timely attention. The observation was supported by available inspection records. Review included 3 relevant components or records. The condition had also been reported during the last inspection cycle.,Fire Safety,Safety,Medium,Yes
"At the underground escape route, the inspected response facilities showed gaps in readiness was recorded during field verification. The condition represented a moderate operational concern and required timely attention. The observation was supported by available inspection records. Review included 3 relevant components or records. The condition had also been reported during the last inspection cycle.",Emergency Preparedness,Emergency Safety,Medium,Yes
"During the current visit, the emergency assembly point showed some emergency preparedness records and arrangements were incomplete. Immediate intervention was necessary because the condition presented a serious threat to personnel and operations. The condition was confirmed by direct examination. The affected area covered approximately 40 metres. No similar condition was identified in the preceding inspection.",Emergency Preparedness,Emergency Safety,Critical,No
A review of conditions at the surface section revealed the mine roadway showed poor surface condition and inadequate control measures. The condition represented a moderate operational concern and required timely attention. The affected arrangement was examined under normal working conditions. The affected section was located near access marker 6. Available records did not indicate an earlier occurrence.,Haul Road,Mine Safety,Medium,No
A review of conditions at the Level -2 revealed the ventilation arrangement was not providing adequate airflow. The observation represented a critical safety concern with potential for severe consequences. Operational checks were carried out at the time of inspection. The condition was verified during shift A. A comparable observation from the previous inspection remained unresolved.,Ventilation,Safety,Critical,Yes
It was observed that standing water was observed in the affected section at the surface approach. The observation required corrective attention within the normal maintenance cycle. The condition was confirmed by direct examination. The affected area covered approximately 40 metres. Earlier inspection records indicated that this issue had occurred before.,Water Drainage,Environment,Medium,Yes
A review of conditions at the service section revealed degraded electrical protection was observed in the inspected installation. The observation required corrective attention within the normal maintenance cycle. Field measurements and records were reviewed during the visit. The observation concerned inspection point 5. Available records did not indicate an earlier occurrence.,Electrical Safety,Electrical,Medium,No
Operational verification confirmed the roadway surface had potholes and uneven grading in the main access route. The observation required corrective attention within the normal maintenance cycle. Field measurements and records were reviewed during the visit. The observation concerned inspection point 5. The condition had not been documented during the previous inspection.,Haul Road,Mine Safety,Medium,No
Operational verification confirmed maintenance intervals had not been consistently observed in the equipment bay. The condition represented a moderate operational concern and required timely attention. The observation was supported by available inspection records. Review included 4 relevant components or records. The condition had not been documented during the previous inspection.,Equipment Maintenance,Equipment Safety,Medium,No
underground working inspection identified multiple support bolts displayed signs of weakening. Urgent remedial action was required before normal operations could safely continue. Operational checks were carried out at the time of inspection. The condition was verified during shift B. No comparable deficiency was found in the earlier inspection record.,Roof Support,Ground Control,Critical,No
development heading inspection identified the installed roof support system showed measurable loss of condition. The condition was not immediately critical but could worsen during continued operation. The observation was supported by available inspection records. Review included 5 relevant components or records. No comparable deficiency was found in the earlier inspection record.,Roof Support,Ground Control,Medium,No
Inspection records for the diesel bay indicate firefighting provisions were incomplete or not readily available. The condition presented a significant safety concern requiring priority attention. Operational checks were carried out at the time of inspection. The condition was verified during shift A. A comparable observation from the previous inspection remained unresolved.,Fire Safety,Safety,High,Yes
Inspection records for the underground escape route indicate the inspected response facilities showed gaps in readiness. The condition represented a moderate operational concern and required timely attention. The condition was confirmed by direct examination. The affected area covered approximately 40 metres. The condition had not been documented during the previous inspection.,Emergency Preparedness,Emergency Safety,Medium,No
Operational verification confirmed the roadway surface had potholes and uneven grading in the main access route. Urgent remedial action was required before normal operations could safely continue. Operational checks were carried out at the time of inspection. The condition was verified during shift B. Available records did not indicate an earlier occurrence.,Haul Road,Mine Safety,Critical,No
"During the current visit, the underground section showed maintenance documentation for operational machinery was incomplete. The deficiency was serious enough to affect safe mine operations and required prompt intervention. The affected arrangement was examined under normal working conditions. The affected section was located near access marker 3. The condition had not been documented during the previous inspection.",Equipment Maintenance,Equipment Safety,High,No
"At the primary substation, degraded electrical protection was observed in the inspected installation was recorded during field verification. The condition presented a significant safety concern requiring priority attention. The condition was confirmed by direct examination. The affected area covered approximately 40 metres. Available records did not indicate an earlier occurrence.",Electrical Safety,Electrical,High,No
The inspection team noted several rock bolts showed corrosion and reduced integrity in the underground working; The condition was minor and required routine attention. The observation was supported by available inspection records. Review included 5 relevant components or records. Available records did not indicate an earlier occurrence.,Roof Support,Ground Control,Low,No
The inspection team noted dust mitigation measures were not consistently available in the haul road; The condition presented a significant safety concern requiring priority attention. The affected arrangement was examined under normal working conditions. The affected section was located near access marker 7. The condition had also been reported during the last inspection cycle.,Dust Suppression,Environment,High,Yes
It was observed that maintenance documentation for operational machinery was incomplete at the mechanical workshop. The condition represented a moderate operational concern and required timely attention. The observation was supported by available inspection records. Review included 8 relevant components or records. Available records did not indicate an earlier occurrence.,Equipment Maintenance,Equipment Safety,Medium,No
Inspection records for the loading area indicate the mine roadway showed poor surface condition and inadequate control measures. The observation represented a critical safety concern with potential for severe consequences. Field measurements and records were reviewed during the visit. The observation concerned inspection point 6. No similar condition was identified in the preceding inspection.,Haul Road,Mine Safety,Critical,No
"At the loading area, several sections of the vehicle route were uneven and required repair was recorded during field verification. The condition was not immediately critical but could worsen during continued operation. Field measurements and records were reviewed during the visit. The observation concerned inspection point 3. The condition had not been documented during the previous inspection.",Haul Road,Mine Safety,Medium,No
Field examination of the diesel bay showed that firefighting provisions were incomplete or not readily available. Continued operation without correction could expose personnel to a substantial hazard. Operational checks were carried out at the time of inspection. The condition was verified during shift C. No comparable deficiency was found in the earlier inspection record.,Fire Safety,Safety,High,No
"During the current visit, the underground section showed personnel in the inspected area were using the required protective equipment. The condition was minor and required routine attention.",Personal Protective Equipment,Safety,Low,No
The condition presented a significant safety concern requiring priority attention; this inspection therefore recorded brake and service records for the equipment were not fully available at the mechanical workshop. Field measurements and records were reviewed during the visit. The observation concerned inspection point 6. The condition had not been documented during the previous inspection.,Equipment Maintenance,Equipment Safety,High,No
The condition presented a significant safety concern requiring priority attention; this inspection therefore recorded traffic conditions were affected by deterioration of the transport route at the main access route. The affected arrangement was examined under normal working conditions. The affected section was located near access marker 11. Available records did not indicate an earlier occurrence.,Haul Road,Mine Safety,High,No
surface facilities inspection identified the inspected response facilities showed gaps in readiness. The condition represented a moderate operational concern and required timely attention. The observation was supported by available inspection records. Review included 5 relevant components or records. No comparable deficiency was found in the earlier inspection record.,Emergency Preparedness,Emergency Safety,Medium,No
It was observed that the installed roof support system showed measurable loss of condition at the coal face. The condition presented a significant safety concern requiring priority attention. Operational checks were carried out at the time of inspection. The condition was verified during shift A. A comparable observation from the previous inspection remained unresolved.,Roof Support,Ground Control,High,Yes
A review of conditions at the emergency assembly point revealed the emergency response arrangement required improvement. The condition was minor and required routine attention. The condition was confirmed by direct examination. The affected area covered approximately 40 metres. This was recorded as a new observation.,Emergency Preparedness,Emergency Safety,Low,No
"No immediate operational hazard was evident, although the observation required follow-up; this inspection therefore recorded the dust suppression arrangement was functioning effectively during operations at the loading area.",Dust Suppression,Environment,Low,No
Inspection records for the maintenance zone indicate availability and use of protective gear required improvement. Urgent remedial action was required before normal operations could safely continue. Field measurements and records were reviewed during the visit. The observation concerned inspection point 4. A comparable observation from the previous inspection remained unresolved.,Personal Protective Equipment,Safety,Critical,Yes
"During the current visit, the loading point showed availability and use of protective gear required improvement. The deficiency was serious enough to affect safe mine operations and required prompt intervention. The condition was confirmed by direct examination. The affected area covered approximately 40 metres. This was recorded as a new observation.",Personal Protective Equipment,Safety,High,No
"At the surface approach, standing water was observed in the affected section was recorded during field verification. The observation required corrective attention within the normal maintenance cycle. Field measurements and records were reviewed during the visit. The observation concerned inspection point 8. No similar condition was identified in the preceding inspection.",Water Drainage,Environment,Medium,No
diesel bay inspection identified inspection identified gaps in the readiness of fire protection equipment. Urgent remedial action was required before normal operations could safely continue. The affected arrangement was examined under normal working conditions. The affected section was located near access marker 12. This was recorded as a new observation.,Fire Safety,Safety,Critical,No
Field examination of the active panel showed that structural support components required immediate assessment. The observed condition created a significant operational and safety concern. Operational checks were carried out at the time of inspection. The condition was verified during shift C. This was recorded as a new observation.,Roof Support,Ground Control,High,No
"During the current visit, the conveyor section showed some fire safety equipment required inspection and servicing. The condition was minor and required routine attention. The observation was supported by available inspection records. Review included 4 relevant components or records. A similar condition had been documented during the preceding inspection.",Fire Safety,Safety,Low,Yes
The inspection team noted ventilation measurements remained within the required operating range in the working panel; The condition was minor and required routine attention.,Ventilation,Safety,Low,No
"During the current visit, the diesel bay showed firefighting provisions were incomplete or not readily available. The arrangement remained largely satisfactory, with only limited improvement required. The condition was confirmed by direct examination. The affected area covered approximately 40 metres. This was recorded as a new observation.",Fire Safety,Safety,Low,No
Immediate intervention was necessary because the condition presented a serious threat to personnel and operations; this inspection therefore recorded the mine roadway showed poor surface condition and inadequate control measures at the transport corridor. The observation was supported by available inspection records. Review included 8 relevant components or records. Earlier inspection records indicated that this issue had occurred before.,Haul Road,Mine Safety,Critical,Yes
It was observed that personnel in the inspected area were using the required protective equipment at the maintenance zone. The condition was minor and required routine attention.,Personal Protective Equipment,Safety,Low,No
"A review of conditions at the underground distribution area revealed electrical enclosures were dry and insulation readings were within acceptable limits. No immediate operational hazard was evident, although the observation required follow-up.",Electrical Safety,Electrical,Low,No
Operational verification confirmed road conditions could adversely affect safe movement of mine vehicles in the main access route. The condition was assessed as critical because of the immediate potential for a major incident. The affected arrangement was examined under normal working conditions. The affected section was located near access marker 12. The condition had not been documented during the previous inspection.,Haul Road,Mine Safety,Critical,No
Level -2 inspection identified the ventilation arrangement was not providing adequate airflow. Continued operation without correction could expose personnel to a substantial hazard. Field measurements and records were reviewed during the visit. The observation concerned inspection point 4. The condition had also been reported during the last inspection cycle.,Ventilation,Safety,High,Yes
Operational verification confirmed air circulation had deteriorated beyond the acceptable limit in the underground section. Urgent remedial action was required before normal operations could safely continue. The observation was supported by available inspection records. Review included 5 relevant components or records. The condition had also been reported during the last inspection cycle.,Ventilation,Safety,Critical,Yes
"During the current visit, the transfer point showed the dust control arrangement was not operating effectively. Continued operation without correction could expose personnel to a substantial hazard. The observation was supported by available inspection records. Review included 8 relevant components or records. No comparable deficiency was found in the earlier inspection record.",Dust Suppression,Environment,High,No
A review of conditions at the surface section revealed road conditions could adversely affect safe movement of mine vehicles. The observed condition created a significant operational and safety concern. Operational checks were carried out at the time of inspection. The condition was verified during shift B. This was recorded as a new observation.,Haul Road,Mine Safety,High,No
A review of conditions at the rescue station revealed some emergency preparedness records and arrangements were incomplete. The condition was assessed as critical because of the immediate potential for a major incident. Operational checks were carried out at the time of inspection. The condition was verified during shift C. No comparable deficiency was found in the earlier inspection record.,Emergency Preparedness,Emergency Safety,Critical,No
The inspection team noted the required safety gear was not being used uniformly in the maintenance zone; The observed condition created a significant operational and safety concern. The affected arrangement was examined under normal working conditions. The affected section was located near access marker 11. The condition had not been documented during the previous inspection.,Personal Protective Equipment,Safety,High,No
"At the underground roadway, standing water was observed in the affected section was recorded during field verification. The arrangement remained largely satisfactory, with only limited improvement required. Field measurements and records were reviewed during the visit. The observation concerned inspection point 3. This was recorded as a new observation.",Water Drainage,Environment,Low,No
Inspection records for the rescue station indicate accessibility and readiness of emergency provisions required attention. The condition was not immediately critical but could worsen during continued operation. Field measurements and records were reviewed during the visit. The observation concerned inspection point 8. No similar condition was identified in the preceding inspection.,Emergency Preparedness,Emergency Safety,Medium,No
"During the current visit, the transport corridor showed the roadway surface was properly graded and traffic controls were functioning. The condition was minor and required routine attention.",Haul Road,Mine Safety,Low,No
The inspection team noted the inspected response facilities showed gaps in readiness in the underground escape route; The condition presented a significant safety concern requiring priority attention. The observation was supported by available inspection records. Review included 7 relevant components or records. Available records did not indicate an earlier occurrence.,Emergency Preparedness,Emergency Safety,High,No
It was observed that maintenance intervals had not been consistently observed at the equipment bay. Immediate intervention was necessary because the condition presented a serious threat to personnel and operations. The observation was supported by available inspection records. Review included 6 relevant components or records. No comparable deficiency was found in the earlier inspection record.,Equipment Maintenance,Equipment Safety,Critical,No
A review of conditions at the surface section revealed traffic conditions were affected by deterioration of the transport route. The condition represented a moderate operational concern and required timely attention. Operational checks were carried out at the time of inspection. The condition was verified during shift B. The condition had not been documented during the previous inspection.,Haul Road,Mine Safety,Medium,No
The inspection team noted the sump and drainage arrangement required cleaning and maintenance in the underground roadway; The deficiency was limited and no immediate safety concern was identified. Field measurements and records were reviewed during the visit. The observation concerned inspection point 5. The condition had not been documented during the previous inspection.,Water Drainage,Environment,Low,No
"A review of conditions at the rescue station revealed assembly points, first-aid provisions, and rescue readiness were found satisfactory. No immediate operational hazard was evident, although the observation required follow-up.",Emergency Preparedness,Emergency Safety,Low,No
Operational verification confirmed drainage channels were clear and no significant water accumulation was observed in the underground roadway. The condition was minor and required routine attention.,Water Drainage,Environment,Low,No
"Field examination of the coal face showed that installed roof supports were intact and showed no material loss of integrity. No immediate operational hazard was evident, although the observation required follow-up.",Roof Support,Ground Control,Low,No
"development heading inspection identified multiple support bolts displayed signs of weakening. If left unattended, the deficiency could affect safe and reliable operation. The affected arrangement was examined under normal working conditions. The affected section was located near access marker 10. A similar condition had been documented during the preceding inspection.",Roof Support,Ground Control,Medium,Yes
"During the current visit, the loading area showed dust mitigation measures were not consistently available. The deficiency was serious enough to affect safe mine operations and required prompt intervention. Operational checks were carried out at the time of inspection. The condition was verified during shift A. The condition had also been reported during the last inspection cycle.",Dust Suppression,Environment,High,Yes
Field examination of the electrical area showed that some fire safety equipment required inspection and servicing. The condition was assessed as critical because of the immediate potential for a major incident. The observation was supported by available inspection records. Review included 7 relevant components or records. No similar condition was identified in the preceding inspection.,Fire Safety,Safety,Critical,No
Operational verification confirmed maintenance intervals had not been consistently observed in the underground section. The deficiency was serious enough to affect safe mine operations and required prompt intervention. Field measurements and records were reviewed during the visit. The observation concerned inspection point 4. A comparable observation from the previous inspection remained unresolved.,Equipment Maintenance,Equipment Safety,High,Yes
"The arrangement remained largely satisfactory, with only limited improvement required; this inspection therefore recorded traffic conditions were affected by deterioration of the transport route at the transport corridor. The condition was confirmed by direct examination. The affected area covered approximately 40 metres. No similar condition was identified in the preceding inspection.",Haul Road,Mine Safety,Low,No
"remote face inspection identified the remote face was receiving insufficient fresh air. The arrangement remained largely satisfactory, with only limited improvement required. The condition was confirmed by direct examination. The affected area covered approximately 40 metres. No similar condition was identified in the preceding inspection.",Ventilation,Safety,Low,No
A review of conditions at the active panel revealed roof support elements exhibited deterioration requiring closer attention. The condition was assessed as critical because of the immediate potential for a major incident. Field measurements and records were reviewed during the visit. The observation concerned inspection point 4. Earlier inspection records indicated that this issue had occurred before.,Roof Support,Ground Control,Critical,Yes
Field examination of the transfer point showed that the suppression system was providing inadequate dust reduction. The condition was not immediately critical but could worsen during continued operation. The condition was confirmed by direct examination. The affected area covered approximately 40 metres. The condition had not been documented during the previous inspection.,Dust Suppression,Environment,Medium,No
Urgent remedial action was required before normal operations could safely continue; this inspection therefore recorded structural support components required immediate assessment at the underground working. The observation was supported by available inspection records. Review included 7 relevant components or records. The condition had not been documented during the previous inspection.,Roof Support,Ground Control,Critical,No
The inspection team noted the inspected response facilities showed gaps in readiness in the emergency assembly point; Continued operation without correction could expose personnel to a substantial hazard. The affected arrangement was examined under normal working conditions. The affected section was located near access marker 11. No similar condition was identified in the preceding inspection.,Emergency Preparedness,Emergency Safety,High,No
"Operational verification confirmed the roadway surface was properly graded and traffic controls were functioning in the loading area. The arrangement remained largely satisfactory, with only limited improvement required.",Haul Road,Mine Safety,Low,No
"During the current visit, the surface section showed the mine roadway showed poor surface condition and inadequate control measures. No immediate operational hazard was evident, although the observation required follow-up. Operational checks were carried out at the time of inspection. The condition was verified during shift C. No comparable deficiency was found in the earlier inspection record.",Haul Road,Mine Safety,Low,No
A review of conditions at the loading point revealed several workers were not consistently using the required protective equipment. The condition was minor and required routine attention. The affected arrangement was examined under normal working conditions. The affected section was located near access marker 1. A similar condition had been documented during the preceding inspection.,Personal Protective Equipment,Safety,Low,Yes
It was observed that access to selected firefighting equipment was restricted at the workshop. The observation required corrective attention within the normal maintenance cycle. Field measurements and records were reviewed during the visit. The observation concerned inspection point 8. This was recorded as a new observation.,Fire Safety,Safety,Medium,No
The condition was assessed as critical because of the immediate potential for a major incident; this inspection therefore recorded the required safety gear was not being used uniformly at the working area. Field measurements and records were reviewed during the visit. The observation concerned inspection point 6. No comparable deficiency was found in the earlier inspection record.,Personal Protective Equipment,Safety,Critical,No
"During the current visit, the underground escape route showed emergency response documentation was not fully current. The arrangement remained largely satisfactory, with only limited improvement required. The condition was confirmed by direct examination. The affected area covered approximately 40 metres. The condition had also been reported during the last inspection cycle.",Emergency Preparedness,Emergency Safety,Low,Yes
Field examination of the working section showed that dust mitigation measures were not consistently available. The deficiency was serious enough to affect safe mine operations and required prompt intervention. Field measurements and records were reviewed during the visit. The observation concerned inspection point 1. The condition had also been reported during the last inspection cycle.,Dust Suppression,Environment,High,Yes
"It was observed that assembly points, first-aid provisions, and rescue readiness were found satisfactory at the underground escape route. The condition was minor and required routine attention.",Emergency Preparedness,Emergency Safety,Low,No
"Field examination of the surface approach showed that drainage channels were clear and no significant water accumulation was observed. The arrangement remained largely satisfactory, with only limited improvement required. Inspection observation reference 713.",Water Drainage,Environment,Low,No
"During the current visit, the working panel showed water removal from the working area was slower than expected. No immediate operational hazard was evident, although the observation required follow-up. Operational checks were carried out at the time of inspection. The condition was verified during shift A. A similar condition had been documented during the preceding inspection.",Water Drainage,Environment,Low,Yes
"At the underground section, measured airflow remained below the applicable requirement was recorded during field verification. The condition presented a significant safety concern requiring priority attention. The affected arrangement was examined under normal working conditions. The affected section was located near access marker 3. This was recorded as a new observation.",Ventilation,Safety,High,No
Field examination of the surface approach showed that the sump and drainage arrangement required cleaning and maintenance. The observation required corrective attention within the normal maintenance cycle. The observation was supported by available inspection records. Review included 8 relevant components or records. No similar condition was identified in the preceding inspection.,Water Drainage,Environment,Medium,No
"At the underground working, the installed roof support system showed measurable loss of condition was recorded during field verification. Immediate intervention was necessary because the condition presented a serious threat to personnel and operations. The affected arrangement was examined under normal working conditions. The affected section was located near access marker 8. The condition had not been documented during the previous inspection.",Roof Support,Ground Control,Critical,No
A review of conditions at the working area revealed protective equipment compliance was inconsistent in the inspected area. The condition was assessed as critical because of the immediate potential for a major incident. Field measurements and records were reviewed during the visit. The observation concerned inspection point 9. No comparable deficiency was found in the earlier inspection record.,Personal Protective Equipment,Safety,Critical,No
It was observed that access to selected firefighting equipment was restricted at the diesel bay. Immediate intervention was necessary because the condition presented a serious threat to personnel and operations. The condition was confirmed by direct examination. The affected area covered approximately 40 metres. This was recorded as a new observation.,Fire Safety,Safety,Critical,No
conveyor section inspection identified firefighting provisions were incomplete or not readily available. The condition presented a significant safety concern requiring priority attention. Operational checks were carried out at the time of inspection. The condition was verified during shift A. The condition had also been reported during the last inspection cycle.,Fire Safety,Safety,High,Yes
Field examination of the electrical area showed that inspection identified gaps in the readiness of fire protection equipment. The condition presented a significant safety concern requiring priority attention. The observation was supported by available inspection records. Review included 3 relevant components or records. This was recorded as a new observation.,Fire Safety,Safety,High,No
"At the underground working, roof support elements exhibited deterioration requiring closer attention was recorded during field verification. No immediate operational hazard was evident, although the observation required follow-up. The condition was confirmed by direct examination. The affected area covered approximately 40 metres. The condition had not been documented during the previous inspection.",Roof Support,Ground Control,Low,No
Field examination of the transfer point showed that dust mitigation measures were not consistently available. Continued operation without correction could expose personnel to a substantial hazard. The observation was supported by available inspection records. Review included 3 relevant components or records. No comparable deficiency was found in the earlier inspection record.,Dust Suppression,Environment,High,No
Operational verification confirmed availability and use of protective gear required improvement in the maintenance zone. The condition presented a significant safety concern requiring priority attention. Field measurements and records were reviewed during the visit. The observation concerned inspection point 6. The condition had not been documented during the previous inspection.,Personal Protective Equipment,Safety,High,No
"Operational verification confirmed insulation readings on selected circuits were below the acceptable level in the service section. If left unattended, the deficiency could affect safe and reliable operation. Operational checks were carried out at the time of inspection. The condition was verified during shift A. A comparable observation from the previous inspection remained unresolved.",Electrical Safety,Electrical,Medium,Yes
"It was observed that several sections of the vehicle route were uneven and required repair at the loading area. The arrangement remained largely satisfactory, with only limited improvement required. Operational checks were carried out at the time of inspection. The condition was verified during shift B. No similar condition was identified in the preceding inspection.",Haul Road,Mine Safety,Low,No
"It was observed that maintenance intervals had not been consistently observed at the underground section. The arrangement remained largely satisfactory, with only limited improvement required. The condition was confirmed by direct examination. The affected area covered approximately 40 metres. No comparable deficiency was found in the earlier inspection record.",Equipment Maintenance,Equipment Safety,Low,No
The inspection team noted several sections of the vehicle route were uneven and required repair in the main access route; The observation represented a critical safety concern with potential for severe consequences. Operational checks were carried out at the time of inspection. The condition was verified during shift C. Available records did not indicate an earlier occurrence.,Haul Road,Mine Safety,Critical,No
It was observed that access to selected firefighting equipment was restricted at the conveyor section. The condition was minor and required routine attention. Operational checks were carried out at the time of inspection. The condition was verified during shift B. This was recorded as a new observation.,Fire Safety,Safety,Low,No
The inspection team noted the remote face was receiving insufficient fresh air in the underground section; The condition was not immediately critical but could worsen during continued operation. Field measurements and records were reviewed during the visit. The observation concerned inspection point 1. The condition had also been reported during the last inspection cycle.,Ventilation,Safety,Medium,Yes
The inspection team noted airborne dust control in the affected area required improvement in the haul road; The observation represented a critical safety concern with potential for severe consequences. Field measurements and records were reviewed during the visit. The observation concerned inspection point 7. Earlier inspection records indicated that this issue had occurred before.,Dust Suppression,Environment,Critical,Yes
Urgent remedial action was required before normal operations could safely continue; this inspection therefore recorded the mine roadway showed poor surface condition and inadequate control measures at the transport corridor. The condition was confirmed by direct examination. The affected area covered approximately 40 metres. Available records did not indicate an earlier occurrence.,Haul Road,Mine Safety,Critical,No
"During the current visit, the underground roadway showed the sump and drainage arrangement required cleaning and maintenance. The deficiency was serious enough to affect safe mine operations and required prompt intervention. The affected arrangement was examined under normal working conditions. The affected section was located near access marker 3. Available records did not indicate an earlier occurrence.",Water Drainage,Environment,High,No
"During the current visit, the active panel showed the installed roof support system showed measurable loss of condition. No immediate operational hazard was evident, although the observation required follow-up. The condition was confirmed by direct examination. The affected area covered approximately 40 metres. A similar condition had been documented during the preceding inspection.",Roof Support,Ground Control,Low,Yes
Field examination of the working panel showed that the ventilation arrangement was not providing adequate airflow. The deficiency was limited and no immediate safety concern was identified. The condition was confirmed by direct examination. The affected area covered approximately 40 metres. Earlier inspection records indicated that this issue had occurred before.,Ventilation,Safety,Low,Yes
"maintenance zone inspection identified some personnel were observed without complete prescribed PPE. The arrangement remained largely satisfactory, with only limited improvement required. Field measurements and records were reviewed during the visit. The observation concerned inspection point 7. Records showed that the same deficiency had been raised earlier.",Personal Protective Equipment,Safety,Low,Yes
active panel inspection identified the installed roof support system showed measurable loss of condition. The condition presented a significant safety concern requiring priority attention. The condition was confirmed by direct examination. The affected area covered approximately 40 metres. No comparable deficiency was found in the earlier inspection record.,Roof Support,Ground Control,High,No
Urgent remedial action was required before normal operations could safely continue; this inspection therefore recorded moisture and degraded insulation were found around electrical components at the electrical room. The affected arrangement was examined under normal working conditions. The affected section was located near access marker 8. No similar condition was identified in the preceding inspection.,Electrical Safety,Electrical,Critical,No
low-lying section inspection identified standing water was observed in the affected section. The observation represented a critical safety concern with potential for severe consequences. The observation was supported by available inspection records. Review included 5 relevant components or records. A comparable observation from the previous inspection remained unresolved.,Water Drainage,Environment,Critical,Yes
Operational verification confirmed maintenance documentation for operational machinery was incomplete in the mechanical workshop. The observation represented a critical safety concern with potential for severe consequences. The observation was supported by available inspection records. Review included 5 relevant components or records. The condition had also been reported during the last inspection cycle.,Equipment Maintenance,Equipment Safety,Critical,Yes
Field examination of the coal face showed that installed roof supports were intact and showed no material loss of integrity. The condition was minor and required routine attention.,Roof Support,Ground Control,Low,No
The inspection team noted some personnel were observed without complete prescribed PPE in the maintenance zone; The condition presented a significant safety concern requiring priority attention. The condition was confirmed by direct examination. The affected area covered approximately 40 metres. No comparable deficiency was found in the earlier inspection record.,Personal Protective Equipment,Safety,High,No
A review of conditions at the maintenance zone revealed protective equipment compliance was inconsistent in the inspected area. The observation required corrective attention within the normal maintenance cycle. The observation was supported by available inspection records. Review included 5 relevant components or records. Available records did not indicate an earlier occurrence.,Personal Protective Equipment,Safety,Medium,No
Operational verification confirmed maintenance records were current and scheduled servicing had been completed in the mechanical workshop. The deficiency was limited and no immediate safety concern was identified.,Equipment Maintenance,Equipment Safety,Low,No
"Field examination of the loading area showed that the roadway surface was properly graded and traffic controls were functioning. No immediate operational hazard was evident, although the observation required follow-up.",Haul Road,Mine Safety,Low,No
"A review of conditions at the underground roadway revealed drainage channels were clear and no significant water accumulation was observed. The arrangement remained largely satisfactory, with only limited improvement required.",Water Drainage,Environment,Low,No
"During the current visit, the transfer point showed the suppression system was providing inadequate dust reduction. Urgent remedial action was required before normal operations could safely continue. The affected arrangement was examined under normal working conditions. The affected section was located near access marker 4. A comparable observation from the previous inspection remained unresolved.",Dust Suppression,Environment,Critical,Yes
"At the equipment bay, inspection of machinery records revealed gaps in preventive maintenance was recorded during field verification. The deficiency was serious enough to affect safe mine operations and required prompt intervention. The condition was confirmed by direct examination. The affected area covered approximately 40 metres. No similar condition was identified in the preceding inspection.",Equipment Maintenance,Equipment Safety,High,No
"During the current visit, the maintenance zone showed personnel in the inspected area were using the required protective equipment. The arrangement remained largely satisfactory, with only limited improvement required.",Personal Protective Equipment,Safety,Low,No
Inspection records for the remote face indicate air circulation had deteriorated beyond the acceptable limit. The condition presented a significant safety concern requiring priority attention. The condition was confirmed by direct examination. The affected area covered approximately 40 metres. Records showed that the same deficiency had been raised earlier.,Ventilation,Safety,High,Yes
main access route inspection identified the mine roadway showed poor surface condition and inadequate control measures. Continued operation without correction could expose personnel to a substantial hazard. Field measurements and records were reviewed during the visit. The observation concerned inspection point 8. This was recorded as a new observation.,Haul Road,Mine Safety,High,No
"A review of conditions at the workshop revealed firefighting equipment was accessible, inspected, and ready for use. No immediate operational hazard was evident, although the observation required follow-up.",Fire Safety,Safety,Low,No
"A review of conditions at the electrical room revealed degraded electrical protection was observed in the inspected installation. No immediate operational hazard was evident, although the observation required follow-up. Operational checks were carried out at the time of inspection. The condition was verified during shift A. Earlier inspection records indicated that this issue had occurred before.",Electrical Safety,Electrical,Low,Yes
"During the current visit, the conveyor section showed the fire protection arrangement did not fully meet the expected readiness level. The deficiency was limited and no immediate safety concern was identified. The condition was confirmed by direct examination. The affected area covered approximately 40 metres. A comparable observation from the previous inspection remained unresolved.",Fire Safety,Safety,Low,Yes
Field examination of the maintenance zone showed that several workers were not consistently using the required protective equipment. The condition was minor and required routine attention. The affected arrangement was examined under normal working conditions. The affected section was located near access marker 1. A similar condition had been documented during the preceding inspection.,Personal Protective Equipment,Safety,Low,Yes
"During the current visit, the loading point showed several workers were not consistently using the required protective equipment. The condition presented a significant safety concern requiring priority attention. Operational checks were carried out at the time of inspection. The condition was verified during shift B. This was recorded as a new observation.",Personal Protective Equipment,Safety,High,No
"working panel inspection identified brake and service records for the equipment were not fully available. The arrangement remained largely satisfactory, with only limited improvement required. Field measurements and records were reviewed during the visit. The observation concerned inspection point 9. This was recorded as a new observation.",Equipment Maintenance,Equipment Safety,Low,No
"Field examination of the working section showed that the dust control arrangement was not operating effectively. If left unattended, the deficiency could affect safe and reliable operation. The observation was supported by available inspection records. Review included 4 relevant components or records. This was recorded as a new observation.",Dust Suppression,Environment,Medium,No
Field examination of the maintenance zone showed that availability and use of protective gear required improvement. The condition represented a moderate operational concern and required timely attention. Operational checks were carried out at the time of inspection. The condition was verified during shift B. No comparable deficiency was found in the earlier inspection record.,Personal Protective Equipment,Safety,Medium,No
The observation represented a critical safety concern with potential for severe consequences; this inspection therefore recorded scheduled servicing of one or more machines had been delayed at the equipment bay. Operational checks were carried out at the time of inspection. The condition was verified during shift B. This was recorded as a new observation.,Equipment Maintenance,Equipment Safety,Critical,No
Inspection records for the working panel indicate the remote face was receiving insufficient fresh air. The condition presented a significant safety concern requiring priority attention. The observation was supported by available inspection records. Review included 2 relevant components or records. A similar condition had been documented during the preceding inspection.,Ventilation,Safety,High,Yes
Inspection records for the working section indicate water spray equipment was inactive during the inspection. The condition represented a moderate operational concern and required timely attention. Field measurements and records were reviewed during the visit. The observation concerned inspection point 8. Available records did not indicate an earlier occurrence.,Dust Suppression,Environment,Medium,No
It was observed that the remote face was receiving insufficient fresh air at the Level -2. The condition was assessed as critical because of the immediate potential for a major incident. The observation was supported by available inspection records. Review included 6 relevant components or records. No comparable deficiency was found in the earlier inspection record.,Ventilation,Safety,Critical,No
Operational verification confirmed measured airflow remained below the applicable requirement in the remote face. Immediate intervention was necessary because the condition presented a serious threat to personnel and operations. Field measurements and records were reviewed during the visit. The observation concerned inspection point 4. A comparable observation from the previous inspection remained unresolved.,Ventilation,Safety,Critical,Yes
"At the working panel, water removal from the working area was slower than expected was recorded during field verification. The observation required corrective attention within the normal maintenance cycle. The condition was confirmed by direct examination. The affected area covered approximately 40 metres. Available records did not indicate an earlier occurrence.",Water Drainage,Environment,Medium,No
The inspection team noted the dust suppression arrangement was functioning effectively during operations in the loading area; The deficiency was limited and no immediate safety concern was identified.,Dust Suppression,Environment,Low,No
"Inspection records for the working section indicate the dust suppression arrangement was functioning effectively during operations. No immediate operational hazard was evident, although the observation required follow-up.",Dust Suppression,Environment,Low,No
"During the current visit, the working area showed some personnel were observed without complete prescribed PPE. The condition was assessed as critical because of the immediate potential for a major incident. The condition was confirmed by direct examination. The affected area covered approximately 40 metres. The condition had not been documented during the previous inspection.",Personal Protective Equipment,Safety,Critical,No
"During the current visit, the working panel showed air velocity was below the required operating level. The observed condition created a significant operational and safety concern. The condition was confirmed by direct examination. The affected area covered approximately 40 metres. Available records did not indicate an earlier occurrence.",Ventilation,Safety,High,No
A review of conditions at the working section revealed water spray equipment was inactive during the inspection. The condition represented a moderate operational concern and required timely attention. The condition was confirmed by direct examination. The affected area covered approximately 40 metres. No similar condition was identified in the preceding inspection.,Dust Suppression,Environment,Medium,No
"At the working panel, brake and service records for the equipment were not fully available was recorded during field verification. Continued operation without correction could expose personnel to a substantial hazard. The affected arrangement was examined under normal working conditions. The affected section was located near access marker 11. The condition had not been documented during the previous inspection.",Equipment Maintenance,Equipment Safety,High,No
"At the transfer point, water spray equipment was inactive during the inspection was recorded during field verification. The deficiency was serious enough to affect safe mine operations and required prompt intervention. The affected arrangement was examined under normal working conditions. The affected section was located near access marker 11. No comparable deficiency was found in the earlier inspection record.",Dust Suppression,Environment,High,No
The condition was minor and required routine attention; this inspection therefore recorded scheduled servicing of one or more machines had been delayed at the underground section. Operational checks were carried out at the time of inspection. The condition was verified during shift B. The condition had not been documented during the previous inspection.,Equipment Maintenance,Equipment Safety,Low,No
"Inspection records for the working panel indicate maintenance records were current and scheduled servicing had been completed. No immediate operational hazard was evident, although the observation required follow-up.",Equipment Maintenance,Equipment Safety,Low,No
The deficiency was limited and no immediate safety concern was identified; this inspection therefore recorded insulation readings on selected circuits were below the acceptable level at the electrical room. The affected arrangement was examined under normal working conditions. The affected section was located near access marker 9. Available records did not indicate an earlier occurrence.,Electrical Safety,Electrical,Low,No
"A review of conditions at the Level -2 revealed the remote face was receiving insufficient fresh air. If left unattended, the deficiency could affect safe and reliable operation. Field measurements and records were reviewed during the visit. The observation concerned inspection point 8. No comparable deficiency was found in the earlier inspection record.",Ventilation,Safety,Medium,No
Field examination of the working panel showed that air circulation had deteriorated beyond the acceptable limit. The observed condition created a significant operational and safety concern. Operational checks were carried out at the time of inspection. The condition was verified during shift A. Earlier inspection records indicated that this issue had occurred before.,Ventilation,Safety,High,Yes
Field examination of the transport corridor showed that road conditions could adversely affect safe movement of mine vehicles. The observation represented a critical safety concern with potential for severe consequences. The condition was confirmed by direct examination. The affected area covered approximately 40 metres. Records showed that the same deficiency had been raised earlier.,Haul Road,Mine Safety,Critical,Yes
primary substation inspection identified the electrical installation showed signs of moisture-related deterioration. The condition was not immediately critical but could worsen during continued operation. The observation was supported by available inspection records. Review included 3 relevant components or records. A comparable observation from the previous inspection remained unresolved.,Electrical Safety,Electrical,Medium,Yes
"If left unattended, the deficiency could affect safe and reliable operation; this inspection therefore recorded the dust control arrangement was not operating effectively at the haul road. Field measurements and records were reviewed during the visit. The observation concerned inspection point 1. Earlier inspection records indicated that this issue had occurred before.",Dust Suppression,Environment,Medium,Yes
"During the current visit, the underground roadway showed drainage channels were partially obstructed. The condition was not immediately critical but could worsen during continued operation. Operational checks were carried out at the time of inspection. The condition was verified during shift C. No similar condition was identified in the preceding inspection.",Water Drainage,Environment,Medium,No
It was observed that the ventilation arrangement was not providing adequate airflow at the remote face. The condition was minor and required routine attention. The condition was confirmed by direct examination. The affected area covered approximately 40 metres. This was recorded as a new observation.,Ventilation,Safety,Low,No
Field examination of the underground escape route showed that emergency response documentation was not fully current. The observation represented a critical safety concern with potential for severe consequences. Operational checks were carried out at the time of inspection. The condition was verified during shift A. Earlier inspection records indicated that this issue had occurred before.,Emergency Preparedness,Emergency Safety,Critical,Yes
"haul road inspection identified the dust control arrangement was not operating effectively. No immediate operational hazard was evident, although the observation required follow-up. Operational checks were carried out at the time of inspection. The condition was verified during shift B. No comparable deficiency was found in the earlier inspection record.",Dust Suppression,Environment,Low,No
The inspection team noted structural support components required immediate assessment in the active panel; Immediate intervention was necessary because the condition presented a serious threat to personnel and operations. Operational checks were carried out at the time of inspection. The condition was verified during shift A. Records showed that the same deficiency had been raised earlier.,Roof Support,Ground Control,Critical,Yes
"During the current visit, the conveyor section showed access to selected firefighting equipment was restricted. The condition was not immediately critical but could worsen during continued operation. Operational checks were carried out at the time of inspection. The condition was verified during shift A. The condition had also been reported during the last inspection cycle.",Fire Safety,Safety,Medium,Yes
Operational verification confirmed the required safety gear was not being used uniformly in the working area. The condition presented a significant safety concern requiring priority attention. Operational checks were carried out at the time of inspection. The condition was verified during shift C. This was recorded as a new observation.,Personal Protective Equipment,Safety,High,No
"Inspection records for the underground working indicate the installed roof support system showed measurable loss of condition. No immediate operational hazard was evident, although the observation required follow-up. The condition was confirmed by direct examination. The affected area covered approximately 40 metres. The condition had not been documented during the previous inspection.",Roof Support,Ground Control,Low,No
"During the current visit, the underground section showed measured airflow remained below the applicable requirement. Immediate intervention was necessary because the condition presented a serious threat to personnel and operations. The observation was supported by available inspection records. Review included 8 relevant components or records. The condition had also been reported during the last inspection cycle.",Ventilation,Safety,Critical,Yes
haul road inspection identified the suppression system was providing inadequate dust reduction. The observation required corrective attention within the normal maintenance cycle. The condition was confirmed by direct examination. The affected area covered approximately 40 metres. Earlier inspection records indicated that this issue had occurred before.,Dust Suppression,Environment,Medium,Yes
"During the current visit, the loading area showed dust mitigation measures were not consistently available. Immediate intervention was necessary because the condition presented a serious threat to personnel and operations. Operational checks were carried out at the time of inspection. The condition was verified during shift A. Records showed that the same deficiency had been raised earlier.",Dust Suppression,Environment,Critical,Yes
"At the electrical area, access to selected firefighting equipment was restricted was recorded during field verification. The condition was assessed as critical because of the immediate potential for a major incident. Operational checks were carried out at the time of inspection. The condition was verified during shift C. This was recorded as a new observation.",Fire Safety,Safety,Critical,No
The condition was minor and required routine attention; this inspection therefore recorded ventilation measurements remained within the required operating range at the working panel.,Ventilation,Safety,Low,No
"It was observed that electrical enclosures were dry and insulation readings were within acceptable limits at the service section. The arrangement remained largely satisfactory, with only limited improvement required.",Electrical Safety,Electrical,Low,No
Field examination of the primary substation showed that moisture and degraded insulation were found around electrical components. The deficiency was serious enough to affect safe mine operations and required prompt intervention. The affected arrangement was examined under normal working conditions. The affected section was located near access marker 11. No similar condition was identified in the preceding inspection.,Electrical Safety,Electrical,High,No
"A review of conditions at the working panel revealed standing water was observed in the affected section. No immediate operational hazard was evident, although the observation required follow-up. Field measurements and records were reviewed during the visit. The observation concerned inspection point 7. Earlier inspection records indicated that this issue had occurred before.",Water Drainage,Environment,Low,Yes
"underground working inspection identified structural support components required immediate assessment. No immediate operational hazard was evident, although the observation required follow-up. The condition was confirmed by direct examination. The affected area covered approximately 40 metres. The condition had not been documented during the previous inspection.",Roof Support,Ground Control,Low,No
"During the current visit, the diesel bay showed access to selected firefighting equipment was restricted. The condition was assessed as critical because of the immediate potential for a major incident. Operational checks were carried out at the time of inspection. The condition was verified during shift C. Available records did not indicate an earlier occurrence.",Fire Safety,Safety,Critical,No
Operational verification confirmed water spray equipment was inactive during the inspection in the working section. The observation represented a critical safety concern with potential for severe consequences. Operational checks were carried out at the time of inspection. The condition was verified during shift C. No comparable deficiency was found in the earlier inspection record.,Dust Suppression,Environment,Critical,No
Inspection records for the diesel bay indicate access to selected firefighting equipment was restricted. Urgent remedial action was required before normal operations could safely continue. The affected arrangement was examined under normal working conditions. The affected section was located near access marker 4. A similar condition had been documented during the preceding inspection.,Fire Safety,Safety,Critical,Yes
The deficiency was serious enough to affect safe mine operations and required prompt intervention; this inspection therefore recorded dust mitigation measures were not consistently available at the haul road. Operational checks were carried out at the time of inspection. The condition was verified during shift A. Earlier inspection records indicated that this issue had occurred before.,Dust Suppression,Environment,High,Yes
Inspection records for the diesel bay indicate the fire protection arrangement did not fully meet the expected readiness level. The condition was assessed as critical because of the immediate potential for a major incident. Operational checks were carried out at the time of inspection. The condition was verified during shift B. No comparable deficiency was found in the earlier inspection record.,Fire Safety,Safety,Critical,No
rescue station inspection identified accessibility and readiness of emergency provisions required attention. The condition presented a significant safety concern requiring priority attention. Operational checks were carried out at the time of inspection. The condition was verified during shift A. A comparable observation from the previous inspection remained unresolved.,Emergency Preparedness,Emergency Safety,High,Yes
"underground section inspection identified measured airflow remained below the applicable requirement. The arrangement remained largely satisfactory, with only limited improvement required. Operational checks were carried out at the time of inspection. The condition was verified during shift B. No comparable deficiency was found in the earlier inspection record.",Ventilation,Safety,Low,No
"At the underground section, personnel in the inspected area were using the required protective equipment was recorded during field verification. No immediate operational hazard was evident, although the observation required follow-up.",Personal Protective Equipment,Safety,Low,No
Inspection records for the coal face indicate roof support elements exhibited deterioration requiring closer attention. The condition was assessed as critical because of the immediate potential for a major incident. Field measurements and records were reviewed during the visit. The observation concerned inspection point 6. This was recorded as a new observation.,Roof Support,Ground Control,Critical,No
A review of conditions at the underground section revealed several workers were not consistently using the required protective equipment. Immediate intervention was necessary because the condition presented a serious threat to personnel and operations. Operational checks were carried out at the time of inspection. The condition was verified during shift B. No similar condition was identified in the preceding inspection.,Personal Protective Equipment,Safety,Critical,No
"At the low-lying section, drainage channels were partially obstructed was recorded during field verification. The deficiency was serious enough to affect safe mine operations and required prompt intervention. The condition was confirmed by direct examination. The affected area covered approximately 40 metres. No similar condition was identified in the preceding inspection.",Water Drainage,Environment,High,No
Continued operation without correction could expose personnel to a substantial hazard; this inspection therefore recorded the roadway surface had potholes and uneven grading at the loading area. The affected arrangement was examined under normal working conditions. The affected section was located near access marker 11. This was recorded as a new observation.,Haul Road,Mine Safety,High,No
A review of conditions at the diesel bay revealed inspection identified gaps in the readiness of fire protection equipment. Continued operation without correction could expose personnel to a substantial hazard. Operational checks were carried out at the time of inspection. The condition was verified during shift B. The condition had not been documented during the previous inspection.,Fire Safety,Safety,High,No
"Inspection records for the conveyor section indicate firefighting equipment was accessible, inspected, and ready for use. The arrangement remained largely satisfactory, with only limited improvement required.",Fire Safety,Safety,Low,No
"Inspection records for the underground distribution area indicate electrical enclosures were dry and insulation readings were within acceptable limits. The arrangement remained largely satisfactory, with only limited improvement required.",Electrical Safety,Electrical,Low,No
The inspection team noted several sections of the vehicle route were uneven and required repair in the main access route; The condition was assessed as critical because of the immediate potential for a major incident. Field measurements and records were reviewed during the visit. The observation concerned inspection point 9. The condition had not been documented during the previous inspection.,Haul Road,Mine Safety,Critical,No
Operational verification confirmed maintenance intervals had not been consistently observed in the mechanical workshop. Urgent remedial action was required before normal operations could safely continue. Field measurements and records were reviewed during the visit. The observation concerned inspection point 6. Available records did not indicate an earlier occurrence.,Equipment Maintenance,Equipment Safety,Critical,No
"At the surface facilities, assembly points, first-aid provisions, and rescue readiness were found satisfactory was recorded during field verification. The condition was minor and required routine attention.",Emergency Preparedness,Emergency Safety,Low,No
"During the current visit, the loading point showed personnel in the inspected area were using the required protective equipment. No immediate operational hazard was evident, although the observation required follow-up.",Personal Protective Equipment,Safety,Low,No
A review of conditions at the equipment bay revealed maintenance intervals had not been consistently observed. The condition represented a moderate operational concern and required timely attention. The affected arrangement was examined under normal working conditions. The affected section was located near access marker 2. This was recorded as a new observation.,Equipment Maintenance,Equipment Safety,Medium,No
working panel inspection identified the ventilation arrangement was not providing adequate airflow. The condition was minor and required routine attention. Operational checks were carried out at the time of inspection. The condition was verified during shift B. Available records did not indicate an earlier occurrence.,Ventilation,Safety,Low,No
The inspection team noted scheduled servicing of one or more machines had been delayed in the underground section; Immediate intervention was necessary because the condition presented a serious threat to personnel and operations. The observation was supported by available inspection records. Review included 7 relevant components or records. Available records did not indicate an earlier occurrence.,Equipment Maintenance,Equipment Safety,Critical,No
"emergency assembly point inspection identified assembly points, first-aid provisions, and rescue readiness were found satisfactory. The condition was minor and required routine attention.",Emergency Preparedness,Emergency Safety,Low,No
"At the diesel bay, access to selected firefighting equipment was restricted was recorded during field verification. Continued operation without correction could expose personnel to a substantial hazard. The affected arrangement was examined under normal working conditions. The affected section was located near access marker 11. Available records did not indicate an earlier occurrence.",Fire Safety,Safety,High,No
The inspection team noted moisture and degraded insulation were found around electrical components in the underground distribution area; Continued operation without correction could expose personnel to a substantial hazard. Field measurements and records were reviewed during the visit. The observation concerned inspection point 8. No similar condition was identified in the preceding inspection.,Electrical Safety,Electrical,High,No
The inspection team noted the ventilation arrangement was not providing adequate airflow in the Level -2; The condition was assessed as critical because of the immediate potential for a major incident. The affected arrangement was examined under normal working conditions. The affected section was located near access marker 4. A similar condition had been documented during the preceding inspection.,Ventilation,Safety,Critical,Yes
"At the surface facilities, emergency response documentation was not fully current was recorded during field verification. The condition was minor and required routine attention. Field measurements and records were reviewed during the visit. The observation concerned inspection point 5. The condition had not been documented during the previous inspection.",Emergency Preparedness,Emergency Safety,Low,No
It was observed that installed roof supports were intact and showed no material loss of integrity at the coal face. The deficiency was limited and no immediate safety concern was identified.,Roof Support,Ground Control,Low,No
Operational verification confirmed the dust control arrangement was not operating effectively in the haul road. The condition was minor and required routine attention. The affected arrangement was examined under normal working conditions. The affected section was located near access marker 5. The condition had not been documented during the previous inspection.,Dust Suppression,Environment,Low,No
"During the current visit, the equipment bay showed maintenance records were current and scheduled servicing had been completed. The deficiency was limited and no immediate safety concern was identified.",Equipment Maintenance,Equipment Safety,Low,No
"During the current visit, the main access route showed road conditions could adversely affect safe movement of mine vehicles. The condition represented a moderate operational concern and required timely attention. The observation was supported by available inspection records. Review included 4 relevant components or records. No similar condition was identified in the preceding inspection.",Haul Road,Mine Safety,Medium,No
underground section inspection identified the ventilation arrangement was not providing adequate airflow. Immediate intervention was necessary because the condition presented a serious threat to personnel and operations. The observation was supported by available inspection records. Review included 7 relevant components or records. This was recorded as a new observation.,Ventilation,Safety,Critical,No
Inspection records for the low-lying section indicate drainage channels were clear and no significant water accumulation was observed. The deficiency was limited and no immediate safety concern was identified.,Water Drainage,Environment,Low,No
Operational verification confirmed several sections of the vehicle route were uneven and required repair in the surface section. Urgent remedial action was required before normal operations could safely continue. Field measurements and records were reviewed during the visit. The observation concerned inspection point 7. A similar condition had been documented during the preceding inspection.,Haul Road,Mine Safety,Critical,Yes
Operational verification confirmed roof support elements exhibited deterioration requiring closer attention in the active panel. Urgent remedial action was required before normal operations could safely continue. The condition was confirmed by direct examination. The affected area covered approximately 40 metres. This was recorded as a new observation.,Roof Support,Ground Control,Critical,No
The inspection team noted the installed roof support system showed measurable loss of condition in the coal face; The observation represented a critical safety concern with potential for severe consequences. The affected arrangement was examined under normal working conditions. The affected section was located near access marker 8. The condition had not been documented during the previous inspection.,Roof Support,Ground Control,Critical,No
underground working inspection identified roof support elements exhibited deterioration requiring closer attention. Immediate intervention was necessary because the condition presented a serious threat to personnel and operations. The observation was supported by available inspection records. Review included 8 relevant components or records. A similar condition had been documented during the preceding inspection.,Roof Support,Ground Control,Critical,Yes
"At the underground section, availability and use of protective gear required improvement was recorded during field verification. The observation required corrective attention within the normal maintenance cycle. The condition was confirmed by direct examination. The affected area covered approximately 40 metres. Earlier inspection records indicated that this issue had occurred before.",Personal Protective Equipment,Safety,Medium,Yes
A review of conditions at the active panel revealed the installed roof support system showed measurable loss of condition. Immediate intervention was necessary because the condition presented a serious threat to personnel and operations. The observation was supported by available inspection records. Review included 5 relevant components or records. Records showed that the same deficiency had been raised earlier.,Roof Support,Ground Control,Critical,Yes
Inspection records for the coal face indicate multiple support bolts displayed signs of weakening. Immediate intervention was necessary because the condition presented a serious threat to personnel and operations. Field measurements and records were reviewed during the visit. The observation concerned inspection point 9. No comparable deficiency was found in the earlier inspection record.,Roof Support,Ground Control,Critical,No
Operational verification confirmed the emergency response arrangement required improvement in the surface facilities. The condition was minor and required routine attention. Operational checks were carried out at the time of inspection. The condition was verified during shift B. No similar condition was identified in the preceding inspection.,Emergency Preparedness,Emergency Safety,Low,No
"At the transport corridor, the mine roadway showed poor surface condition and inadequate control measures was recorded during field verification. The arrangement remained largely satisfactory, with only limited improvement required. The condition was confirmed by direct examination. The affected area covered approximately 40 metres. A similar condition had been documented during the preceding inspection.",Haul Road,Mine Safety,Low,Yes
underground section inspection identified personnel in the inspected area were using the required protective equipment. The condition was minor and required routine attention. Inspection observation reference 815.,Personal Protective Equipment,Safety,Low,No
Field examination of the underground section showed that maintenance documentation for operational machinery was incomplete. The observation represented a critical safety concern with potential for severe consequences. Field measurements and records were reviewed during the visit. The observation concerned inspection point 9. No comparable deficiency was found in the earlier inspection record.,Equipment Maintenance,Equipment Safety,Critical,No
The observed condition created a significant operational and safety concern; this inspection therefore recorded water spray equipment was inactive during the inspection at the working section. Operational checks were carried out at the time of inspection. The condition was verified during shift B. No comparable deficiency was found in the earlier inspection record.,Dust Suppression,Environment,High,No
Field examination of the loading area showed that the suppression system was providing inadequate dust reduction. Urgent remedial action was required before normal operations could safely continue. Field measurements and records were reviewed during the visit. The observation concerned inspection point 2. This was recorded as a new observation.,Dust Suppression,Environment,Critical,No
The inspection team noted the emergency response arrangement required improvement in the rescue station; Immediate intervention was necessary because the condition presented a serious threat to personnel and operations. Operational checks were carried out at the time of inspection. The condition was verified during shift C. The condition had not been documented during the previous inspection.,Emergency Preparedness,Emergency Safety,Critical,No
"During the current visit, the conveyor section showed firefighting equipment was accessible, inspected, and ready for use. The condition was minor and required routine attention.",Fire Safety,Safety,Low,No
Field examination of the equipment bay showed that scheduled servicing of one or more machines had been delayed. The condition was minor and required routine attention. The observation was supported by available inspection records. Review included 3 relevant components or records. This was recorded as a new observation.,Equipment Maintenance,Equipment Safety,Low,No
"During the current visit, the working panel showed inspection of machinery records revealed gaps in preventive maintenance. No immediate operational hazard was evident, although the observation required follow-up. The affected arrangement was examined under normal working conditions. The affected section was located near access marker 1. Earlier inspection records indicated that this issue had occurred before.",Equipment Maintenance,Equipment Safety,Low,Yes
Field examination of the underground section showed that maintenance intervals had not been consistently observed. The condition represented a moderate operational concern and required timely attention. The condition was confirmed by direct examination. The affected area covered approximately 40 metres. Available records did not indicate an earlier occurrence.,Equipment Maintenance,Equipment Safety,Medium,No
"At the underground section, maintenance intervals had not been consistently observed was recorded during field verification. Immediate intervention was necessary because the condition presented a serious threat to personnel and operations. Operational checks were carried out at the time of inspection. The condition was verified during shift C. The condition had not been documented during the previous inspection.",Equipment Maintenance,Equipment Safety,Critical,No
Inspection records for the coal face indicate multiple support bolts displayed signs of weakening. The condition represented a moderate operational concern and required timely attention. The condition was confirmed by direct examination. The affected area covered approximately 40 metres. The condition had not been documented during the previous inspection.,Roof Support,Ground Control,Medium,No
Inspection records for the underground roadway indicate standing water was observed in the affected section. Continued operation without correction could expose personnel to a substantial hazard. Operational checks were carried out at the time of inspection. The condition was verified during shift B. Available records did not indicate an earlier occurrence.,Water Drainage,Environment,High,No
"During the current visit, the electrical room showed moisture and degraded insulation were found around electrical components. The condition was not immediately critical but could worsen during continued operation. Operational checks were carried out at the time of inspection. The condition was verified during shift C. This was recorded as a new observation.",Electrical Safety,Electrical,Medium,No
"Field examination of the main access route showed that several sections of the vehicle route were uneven and required repair. No immediate operational hazard was evident, although the observation required follow-up. Field measurements and records were reviewed during the visit. The observation concerned inspection point 3. This was recorded as a new observation.",Haul Road,Mine Safety,Low,No
service section inspection identified several cable junction points required corrective attention. Urgent remedial action was required before normal operations could safely continue. Field measurements and records were reviewed during the visit. The observation concerned inspection point 6. The condition had not been documented during the previous inspection.,Electrical Safety,Electrical,Critical,No
"Inspection records for the working panel indicate ventilation measurements remained within the required operating range. The arrangement remained largely satisfactory, with only limited improvement required.",Ventilation,Safety,Low,No
The condition represented a moderate operational concern and required timely attention; this inspection therefore recorded water removal from the working area was slower than expected at the low-lying section. The affected arrangement was examined under normal working conditions. The affected section was located near access marker 10. A similar condition had been documented during the preceding inspection.,Water Drainage,Environment,Medium,Yes
Field examination of the main access route showed that the roadway surface had potholes and uneven grading. The observed condition created a significant operational and safety concern. Operational checks were carried out at the time of inspection. The condition was verified during shift C. The condition had not been documented during the previous inspection.,Haul Road,Mine Safety,High,No
Operational verification confirmed the roadway surface had potholes and uneven grading in the surface section. The deficiency was limited and no immediate safety concern was identified. The observation was supported by available inspection records. Review included 4 relevant components or records. The condition had also been reported during the last inspection cycle.,Haul Road,Mine Safety,Low,Yes
The inspection team noted the inspected response facilities showed gaps in readiness in the rescue station; Urgent remedial action was required before normal operations could safely continue. The affected arrangement was examined under normal working conditions. The affected section was located near access marker 12. The condition had not been documented during the previous inspection.,Emergency Preparedness,Emergency Safety,Critical,No
"At the haul road, dust mitigation measures were not consistently available was recorded during field verification. The observation required corrective attention within the normal maintenance cycle. The observation was supported by available inspection records. Review included 2 relevant components or records. Available records did not indicate an earlier occurrence.",Dust Suppression,Environment,Medium,No
underground section inspection identified ventilation measurements remained within the required operating range. The deficiency was limited and no immediate safety concern was identified.,Ventilation,Safety,Low,No
Field examination of the haul road showed that dust mitigation measures were not consistently available. The observation required corrective attention within the normal maintenance cycle. Operational checks were carried out at the time of inspection. The condition was verified during shift A. The condition had also been reported during the last inspection cycle.,Dust Suppression,Environment,Medium,Yes
Field examination of the Level -2 showed that air velocity was below the required operating level. The condition represented a moderate operational concern and required timely attention. The affected arrangement was examined under normal working conditions. The affected section was located near access marker 10. Earlier inspection records indicated that this issue had occurred before.,Ventilation,Safety,Medium,Yes
"At the equipment bay, scheduled servicing of one or more machines had been delayed was recorded during field verification. The condition was not immediately critical but could worsen during continued operation. Field measurements and records were reviewed during the visit. The observation concerned inspection point 3. No similar condition was identified in the preceding inspection.",Equipment Maintenance,Equipment Safety,Medium,No
"It was observed that drainage channels were clear and no significant water accumulation was observed at the working panel. No immediate operational hazard was evident, although the observation required follow-up.",Water Drainage,Environment,Low,No
"Field examination of the surface approach showed that the sump and drainage arrangement required cleaning and maintenance. The arrangement remained largely satisfactory, with only limited improvement required. The condition was confirmed by direct examination. The affected area covered approximately 40 metres. The condition had also been reported during the last inspection cycle.",Water Drainage,Environment,Low,Yes
development heading inspection identified the installed roof support system showed measurable loss of condition. The condition was not immediately critical but could worsen during continued operation. Field measurements and records were reviewed during the visit. The observation concerned inspection point 1. The condition had also been reported during the last inspection cycle.,Roof Support,Ground Control,Medium,Yes
"Inspection records for the underground section indicate air circulation had deteriorated beyond the acceptable limit. If left unattended, the deficiency could affect safe and reliable operation. The observation was supported by available inspection records. Review included 5 relevant components or records. Available records did not indicate an earlier occurrence.",Ventilation,Safety,Medium,No
A review of conditions at the working area revealed several workers were not consistently using the required protective equipment. Immediate intervention was necessary because the condition presented a serious threat to personnel and operations. Field measurements and records were reviewed during the visit. The observation concerned inspection point 7. Earlier inspection records indicated that this issue had occurred before.,Personal Protective Equipment,Safety,Critical,Yes
The observation represented a critical safety concern with potential for severe consequences; this inspection therefore recorded some emergency preparedness records and arrangements were incomplete at the surface facilities. The affected arrangement was examined under normal working conditions. The affected section was located near access marker 8. The condition had not been documented during the previous inspection.,Emergency Preparedness,Emergency Safety,Critical,No
underground roadway inspection identified the sump and drainage arrangement required cleaning and maintenance. The observed condition created a significant operational and safety concern. The condition was confirmed by direct examination. The affected area covered approximately 40 metres. No similar condition was identified in the preceding inspection.,Water Drainage,Environment,High,No
It was observed that maintenance documentation for operational machinery was incomplete at the working panel. The condition was not immediately critical but could worsen during continued operation. The affected arrangement was examined under normal working conditions. The affected section was located near access marker 6. This was recorded as a new observation.,Equipment Maintenance,Equipment Safety,Medium,No
A review of conditions at the mechanical workshop revealed brake and service records for the equipment were not fully available. Immediate intervention was necessary because the condition presented a serious threat to personnel and operations. The condition was confirmed by direct examination. The affected area covered approximately 40 metres. No similar condition was identified in the preceding inspection.,Equipment Maintenance,Equipment Safety,Critical,No
Operational verification confirmed water spray equipment was inactive during the inspection in the loading area. The observation required corrective attention within the normal maintenance cycle. The observation was supported by available inspection records. Review included 8 relevant components or records. The condition had not been documented during the previous inspection.,Dust Suppression,Environment,Medium,No
Field examination of the development heading showed that the installed roof support system showed measurable loss of condition. The deficiency was serious enough to affect safe mine operations and required prompt intervention. Field measurements and records were reviewed during the visit. The observation concerned inspection point 4. A comparable observation from the previous inspection remained unresolved.,Roof Support,Ground Control,High,Yes
"Operational verification confirmed degraded electrical protection was observed in the inspected installation in the primary substation. If left unattended, the deficiency could affect safe and reliable operation. The condition was confirmed by direct examination. The affected area covered approximately 40 metres. Earlier inspection records indicated that this issue had occurred before.",Electrical Safety,Electrical,Medium,Yes
It was observed that several workers were not consistently using the required protective equipment at the maintenance zone. The deficiency was limited and no immediate safety concern was identified. The condition was confirmed by direct examination. The affected area covered approximately 40 metres. This was recorded as a new observation.,Personal Protective Equipment,Safety,Low,No
"During the current visit, the underground distribution area showed moisture and degraded insulation were found around electrical components. The deficiency was limited and no immediate safety concern was identified. The observation was supported by available inspection records. Review included 3 relevant components or records. Available records did not indicate an earlier occurrence.",Electrical Safety,Electrical,Low,No
The inspection team noted water accumulation indicated inadequate drainage performance in the low-lying section; The observed condition created a significant operational and safety concern. Operational checks were carried out at the time of inspection. The condition was verified during shift A. Earlier inspection records indicated that this issue had occurred before.,Water Drainage,Environment,High,Yes
"At the rescue station, some emergency preparedness records and arrangements were incomplete was recorded during field verification. The observed condition created a significant operational and safety concern. Field measurements and records were reviewed during the visit. The observation concerned inspection point 6. The condition had not been documented during the previous inspection.",Emergency Preparedness,Emergency Safety,High,No
Field examination of the underground section showed that scheduled servicing of one or more machines had been delayed. Urgent remedial action was required before normal operations could safely continue. The affected arrangement was examined under normal working conditions. The affected section was located near access marker 8. No similar condition was identified in the preceding inspection.,Equipment Maintenance,Equipment Safety,Critical,No
Operational verification confirmed drainage channels were clear and no significant water accumulation was observed in the surface approach. The condition was minor and required routine attention. Inspection observation reference 710.,Water Drainage,Environment,Low,No
It was observed that the installed roof support system showed measurable loss of condition at the development heading. The observation represented a critical safety concern with potential for severe consequences. Operational checks were carried out at the time of inspection. The condition was verified during shift C. This was recorded as a new observation.,Roof Support,Ground Control,Critical,No
"emergency assembly point inspection identified the inspected response facilities showed gaps in readiness. No immediate operational hazard was evident, although the observation required follow-up. The affected arrangement was examined under normal working conditions. The affected section was located near access marker 1. A comparable observation from the previous inspection remained unresolved.",Emergency Preparedness,Emergency Safety,Low,Yes
"During the current visit, the underground section showed protective equipment compliance was inconsistent in the inspected area. The condition was assessed as critical because of the immediate potential for a major incident. The observation was supported by available inspection records. Review included 5 relevant components or records. The condition had also been reported during the last inspection cycle.",Personal Protective Equipment,Safety,Critical,Yes
"Inspection records for the loading point indicate the required safety gear was not being used uniformly. The arrangement remained largely satisfactory, with only limited improvement required. The observation was supported by available inspection records. Review included 4 relevant components or records. A similar condition had been documented during the preceding inspection.",Personal Protective Equipment,Safety,Low,Yes
The inspection team noted the sump and drainage arrangement required cleaning and maintenance in the surface approach; The condition was not immediately critical but could worsen during continued operation. Operational checks were carried out at the time of inspection. The condition was verified during shift A. A comparable observation from the previous inspection remained unresolved.,Water Drainage,Environment,Medium,Yes
"During the current visit, the working section showed airborne dust control in the affected area required improvement. The condition represented a moderate operational concern and required timely attention. The affected arrangement was examined under normal working conditions. The affected section was located near access marker 2. No comparable deficiency was found in the earlier inspection record.",Dust Suppression,Environment,Medium,No
A review of conditions at the workshop revealed access to selected firefighting equipment was restricted. The observation represented a critical safety concern with potential for severe consequences. Field measurements and records were reviewed during the visit. The observation concerned inspection point 7. Earlier inspection records indicated that this issue had occurred before.,Fire Safety,Safety,Critical,Yes
The inspection team noted moisture and degraded insulation were found around electrical components in the service section; Urgent remedial action was required before normal operations could safely continue. The condition was confirmed by direct examination. The affected area covered approximately 40 metres. The condition had not been documented during the previous inspection.,Electrical Safety,Electrical,Critical,No
Operational verification confirmed maintenance records were current and scheduled servicing had been completed in the equipment bay. The deficiency was limited and no immediate safety concern was identified.,Equipment Maintenance,Equipment Safety,Low,No
The inspection team noted drainage channels were clear and no significant water accumulation was observed in the surface approach; The deficiency was limited and no immediate safety concern was identified.,Water Drainage,Environment,Low,No
"During the current visit, the working area showed the required safety gear was not being used uniformly. Continued operation without correction could expose personnel to a substantial hazard. The observation was supported by available inspection records. Review included 8 relevant components or records. No comparable deficiency was found in the earlier inspection record.",Personal Protective Equipment,Safety,High,No
It was observed that multiple support bolts displayed signs of weakening at the coal face. The condition presented a significant safety concern requiring priority attention. The condition was confirmed by direct examination. The affected area covered approximately 40 metres. Records showed that the same deficiency had been raised earlier.,Roof Support,Ground Control,High,Yes
"emergency assembly point inspection identified assembly points, first-aid provisions, and rescue readiness were found satisfactory. The deficiency was limited and no immediate safety concern was identified.",Emergency Preparedness,Emergency Safety,Low,No
"A review of conditions at the loading area revealed the dust suppression arrangement was functioning effectively during operations. No immediate operational hazard was evident, although the observation required follow-up.",Dust Suppression,Environment,Low,No
"At the surface section, the roadway surface had potholes and uneven grading was recorded during field verification. The observed condition created a significant operational and safety concern. The observation was supported by available inspection records. Review included 8 relevant components or records. Available records did not indicate an earlier occurrence.",Haul Road,Mine Safety,High,No
Operational verification confirmed the dust control arrangement was not operating effectively in the haul road. The observation required corrective attention within the normal maintenance cycle. Operational checks were carried out at the time of inspection. The condition was verified during shift B. No comparable deficiency was found in the earlier inspection record.,Dust Suppression,Environment,Medium,No
main access route inspection identified several sections of the vehicle route were uneven and required repair. The observation required corrective attention within the normal maintenance cycle. The observation was supported by available inspection records. Review included 2 relevant components or records. Available records did not indicate an earlier occurrence.,Haul Road,Mine Safety,Medium,No
"At the transfer point, water spray equipment was inactive during the inspection was recorded during field verification. Urgent remedial action was required before normal operations could safely continue. The observation was supported by available inspection records. Review included 5 relevant components or records. Records showed that the same deficiency had been raised earlier.",Dust Suppression,Environment,Critical,Yes
"Inspection records for the working section indicate airborne dust control in the affected area required improvement. The arrangement remained largely satisfactory, with only limited improvement required. Field measurements and records were reviewed during the visit. The observation concerned inspection point 7. Earlier inspection records indicated that this issue had occurred before.",Dust Suppression,Environment,Low,Yes
It was observed that dust mitigation measures were not consistently available at the working section. The observation required corrective attention within the normal maintenance cycle. The observation was supported by available inspection records. Review included 3 relevant components or records. Earlier inspection records indicated that this issue had occurred before.,Dust Suppression,Environment,Medium,Yes
"Inspection records for the transfer point indicate the dust suppression arrangement was functioning effectively during operations. The arrangement remained largely satisfactory, with only limited improvement required.",Dust Suppression,Environment,Low,No
Operational verification confirmed moisture and degraded insulation were found around electrical components in the primary substation. The condition was minor and required routine attention. The condition was confirmed by direct examination. The affected area covered approximately 40 metres. The condition had also been reported during the last inspection cycle.,Electrical Safety,Electrical,Low,Yes
coal face inspection identified the installed roof support system showed measurable loss of condition. The deficiency was limited and no immediate safety concern was identified. The observation was supported by available inspection records. Review included 4 relevant components or records. Earlier inspection records indicated that this issue had occurred before.,Roof Support,Ground Control,Low,Yes
"At the working panel, maintenance intervals had not been consistently observed was recorded during field verification. The observed condition created a significant operational and safety concern. Operational checks were carried out at the time of inspection. The condition was verified during shift B. The condition had not been documented during the previous inspection.",Equipment Maintenance,Equipment Safety,High,No
A review of conditions at the underground section revealed maintenance records were current and scheduled servicing had been completed. The deficiency was limited and no immediate safety concern was identified.,Equipment Maintenance,Equipment Safety,Low,No
Urgent remedial action was required before normal operations could safely continue; this inspection therefore recorded emergency response documentation was not fully current at the rescue station. The condition was confirmed by direct examination. The affected area covered approximately 40 metres. No comparable deficiency was found in the earlier inspection record.,Emergency Preparedness,Emergency Safety,Critical,No
The condition was minor and required routine attention; this inspection therefore recorded drainage channels were clear and no significant water accumulation was observed at the surface approach.,Water Drainage,Environment,Low,No
Field examination of the diesel bay showed that firefighting provisions were incomplete or not readily available. The observation represented a critical safety concern with potential for severe consequences. The affected arrangement was examined under normal working conditions. The affected section was located near access marker 4. A similar condition had been documented during the preceding inspection.,Fire Safety,Safety,Critical,Yes
Inspection records for the underground section indicate several workers were not consistently using the required protective equipment. The condition was minor and required routine attention. Field measurements and records were reviewed during the visit. The observation concerned inspection point 5. The condition had not been documented during the previous inspection.,Personal Protective Equipment,Safety,Low,No
The inspection team noted firefighting provisions were incomplete or not readily available in the conveyor section; The condition presented a significant safety concern requiring priority attention. Field measurements and records were reviewed during the visit. The observation concerned inspection point 6. No similar condition was identified in the preceding inspection.,Fire Safety,Safety,High,No
"Field examination of the underground roadway showed that the sump and drainage arrangement required cleaning and maintenance. The arrangement remained largely satisfactory, with only limited improvement required. Operational checks were carried out at the time of inspection. The condition was verified during shift B. No similar condition was identified in the preceding inspection.",Water Drainage,Environment,Low,No
"During the current visit, the mechanical workshop showed maintenance intervals had not been consistently observed. The condition presented a significant safety concern requiring priority attention. Operational checks were carried out at the time of inspection. The condition was verified during shift A. Records showed that the same deficiency had been raised earlier.",Equipment Maintenance,Equipment Safety,High,Yes
Inspection records for the service section indicate insulation readings on selected circuits were below the acceptable level. The deficiency was limited and no immediate safety concern was identified. Field measurements and records were reviewed during the visit. The observation concerned inspection point 5. No comparable deficiency was found in the earlier inspection record.,Electrical Safety,Electrical,Low,No
"Operational verification confirmed the dust control arrangement was not operating effectively in the loading area. The arrangement remained largely satisfactory, with only limited improvement required. Operational checks were carried out at the time of inspection. The condition was verified during shift B. Available records did not indicate an earlier occurrence.",Dust Suppression,Environment,Low,No
Field examination of the loading point showed that availability and use of protective gear required improvement. Immediate intervention was necessary because the condition presented a serious threat to personnel and operations. The condition was confirmed by direct examination. The affected area covered approximately 40 metres. This was recorded as a new observation.,Personal Protective Equipment,Safety,Critical,No
The inspection team noted some personnel were observed without complete prescribed PPE in the working area; The condition was minor and required routine attention. The condition was confirmed by direct examination. The affected area covered approximately 40 metres. A comparable observation from the previous inspection remained unresolved.,Personal Protective Equipment,Safety,Low,Yes
"Field examination of the workshop showed that firefighting equipment was accessible, inspected, and ready for use. The arrangement remained largely satisfactory, with only limited improvement required.",Fire Safety,Safety,Low,No
"It was observed that installed roof supports were intact and showed no material loss of integrity at the coal face. No immediate operational hazard was evident, although the observation required follow-up.",Roof Support,Ground Control,Low,No
It was observed that the inspected response facilities showed gaps in readiness at the emergency assembly point. The observed condition created a significant operational and safety concern. Field measurements and records were reviewed during the visit. The observation concerned inspection point 4. A comparable observation from the previous inspection remained unresolved.,Emergency Preparedness,Emergency Safety,High,Yes
The observation represented a critical safety concern with potential for severe consequences; this inspection therefore recorded several rock bolts showed corrosion and reduced integrity at the coal face. Operational checks were carried out at the time of inspection. The condition was verified during shift C. Available records did not indicate an earlier occurrence.,Roof Support,Ground Control,Critical,No
"Operational verification confirmed some fire safety equipment required inspection and servicing in the conveyor section. If left unattended, the deficiency could affect safe and reliable operation. The affected arrangement was examined under normal working conditions. The affected section was located near access marker 6. The condition had not been documented during the previous inspection.",Fire Safety,Safety,Medium,No
"working panel inspection identified standing water was observed in the affected section. No immediate operational hazard was evident, although the observation required follow-up. The affected arrangement was examined under normal working conditions. The affected section was located near access marker 5. No comparable deficiency was found in the earlier inspection record.",Water Drainage,Environment,Low,No
"The inspection team noted water spray equipment was inactive during the inspection in the loading area; If left unattended, the deficiency could affect safe and reliable operation. Field measurements and records were reviewed during the visit. The observation concerned inspection point 5. The condition had not been documented during the previous inspection.",Dust Suppression,Environment,Medium,No
Inspection records for the workshop indicate inspection identified gaps in the readiness of fire protection equipment. The observation represented a critical safety concern with potential for severe consequences. Field measurements and records were reviewed during the visit. The observation concerned inspection point 4. The condition had also been reported during the last inspection cycle.,Fire Safety,Safety,Critical,Yes
The inspection team noted drainage channels were partially obstructed in the underground roadway; The observation represented a critical safety concern with potential for severe consequences. Operational checks were carried out at the time of inspection. The condition was verified during shift A. Records showed that the same deficiency had been raised earlier.,Water Drainage,Environment,Critical,Yes
The deficiency was limited and no immediate safety concern was identified; this inspection therefore recorded installed roof supports were intact and showed no material loss of integrity at the coal face.,Roof Support,Ground Control,Low,No
A review of conditions at the underground section revealed the ventilation arrangement was not providing adequate airflow. The observation represented a critical safety concern with potential for severe consequences. The affected arrangement was examined under normal working conditions. The affected section was located near access marker 4. The condition had also been reported during the last inspection cycle.,Ventilation,Safety,Critical,Yes
"Inspection records for the mechanical workshop indicate brake and service records for the equipment were not fully available. If left unattended, the deficiency could affect safe and reliable operation. The condition was confirmed by direct examination. The affected area covered approximately 40 metres. Earlier inspection records indicated that this issue had occurred before.",Equipment Maintenance,Equipment Safety,Medium,Yes
remote face inspection identified the remote face was receiving insufficient fresh air. The observation represented a critical safety concern with potential for severe consequences. The affected arrangement was examined under normal working conditions. The affected section was located near access marker 8. The condition had not been documented during the previous inspection.,Ventilation,Safety,Critical,No
Operational verification confirmed electrical enclosures were dry and insulation readings were within acceptable limits in the service section. The condition was minor and required routine attention.,Electrical Safety,Electrical,Low,No
"At the emergency assembly point, accessibility and readiness of emergency provisions required attention was recorded during field verification. Urgent remedial action was required before normal operations could safely continue. The observation was supported by available inspection records. Review included 5 relevant components or records. A comparable observation from the previous inspection remained unresolved.",Emergency Preparedness,Emergency Safety,Critical,Yes
"At the remote face, measured airflow remained below the applicable requirement was recorded during field verification. If left unattended, the deficiency could affect safe and reliable operation. The condition was confirmed by direct examination. The affected area covered approximately 40 metres. This was recorded as a new observation.",Ventilation,Safety,Medium,No
conveyor section inspection identified the fire protection arrangement did not fully meet the expected readiness level. Urgent remedial action was required before normal operations could safely continue. The observation was supported by available inspection records. Review included 5 relevant components or records. Records showed that the same deficiency had been raised earlier.,Fire Safety,Safety,Critical,Yes
"At the working panel, the remote face was receiving insufficient fresh air was recorded during field verification. Immediate intervention was necessary because the condition presented a serious threat to personnel and operations. The affected arrangement was examined under normal working conditions. The affected section was located near access marker 12. No comparable deficiency was found in the earlier inspection record.",Ventilation,Safety,Critical,No
"Field examination of the primary substation showed that moisture and degraded insulation were found around electrical components. If left unattended, the deficiency could affect safe and reliable operation. The observation was supported by available inspection records. Review included 2 relevant components or records. Available records did not indicate an earlier occurrence.",Electrical Safety,Electrical,Medium,No
The inspection team noted traffic conditions were affected by deterioration of the transport route in the transport corridor; The observation required corrective attention within the normal maintenance cycle. Field measurements and records were reviewed during the visit. The observation concerned inspection point 8. Available records did not indicate an earlier occurrence.,Haul Road,Mine Safety,Medium,No
"At the working area, personnel in the inspected area were using the required protective equipment was recorded during field verification. The deficiency was limited and no immediate safety concern was identified.",Personal Protective Equipment,Safety,Low,No
The inspection team noted air circulation had deteriorated beyond the acceptable limit in the Level -2; Continued operation without correction could expose personnel to a substantial hazard. The observation was supported by available inspection records. Review included 8 relevant components or records. Available records did not indicate an earlier occurrence.,Ventilation,Safety,High,No
"Operational verification confirmed the inspected response facilities showed gaps in readiness in the underground escape route. The arrangement remained largely satisfactory, with only limited improvement required. The observation was supported by available inspection records. Review included 3 relevant components or records. Available records did not indicate an earlier occurrence.",Emergency Preparedness,Emergency Safety,Low,No
A review of conditions at the surface approach revealed the sump and drainage arrangement required cleaning and maintenance. The deficiency was serious enough to affect safe mine operations and required prompt intervention. The condition was confirmed by direct examination. The affected area covered approximately 40 metres. The condition had not been documented during the previous inspection.,Water Drainage,Environment,High,No
It was observed that the sump and drainage arrangement required cleaning and maintenance at the working panel. Immediate intervention was necessary because the condition presented a serious threat to personnel and operations. The affected arrangement was examined under normal working conditions. The affected section was located near access marker 8. This was recorded as a new observation.,Water Drainage,Environment,Critical,No
Inspection records for the conveyor section indicate the fire protection arrangement did not fully meet the expected readiness level. Immediate intervention was necessary because the condition presented a serious threat to personnel and operations. The observation was supported by available inspection records. Review included 6 relevant components or records. No comparable deficiency was found in the earlier inspection record.,Fire Safety,Safety,Critical,No
"At the working panel, ventilation measurements remained within the required operating range was recorded during field verification. No immediate operational hazard was evident, although the observation required follow-up.",Ventilation,Safety,Low,No
"working panel inspection identified the ventilation arrangement was not providing adequate airflow. The arrangement remained largely satisfactory, with only limited improvement required. The observation was supported by available inspection records. Review included 4 relevant components or records. A similar condition had been documented during the preceding inspection.",Ventilation,Safety,Low,Yes
It was observed that inspection of machinery records revealed gaps in preventive maintenance at the working panel. The deficiency was serious enough to affect safe mine operations and required prompt intervention. The condition was confirmed by direct examination. The affected area covered approximately 40 metres. No similar condition was identified in the preceding inspection.,Equipment Maintenance,Equipment Safety,High,No
"The arrangement remained largely satisfactory, with only limited improvement required; this inspection therefore recorded dust mitigation measures were not consistently available at the working section. The condition was confirmed by direct examination. The affected area covered approximately 40 metres. Available records did not indicate an earlier occurrence.",Dust Suppression,Environment,Low,No
A review of conditions at the working area revealed personnel in the inspected area were using the required protective equipment. The deficiency was limited and no immediate safety concern was identified.,Personal Protective Equipment,Safety,Low,No
"During the current visit, the underground section showed inspection of machinery records revealed gaps in preventive maintenance. The deficiency was serious enough to affect safe mine operations and required prompt intervention. The observation was supported by available inspection records. Review included 8 relevant components or records. This was recorded as a new observation.",Equipment Maintenance,Equipment Safety,High,No
It was observed that accessibility and readiness of emergency provisions required attention at the underground escape route. The deficiency was serious enough to affect safe mine operations and required prompt intervention. Operational checks were carried out at the time of inspection. The condition was verified during shift C. The condition had not been documented during the previous inspection.,Emergency Preparedness,Emergency Safety,High,No
"At the emergency assembly point, the emergency response arrangement required improvement was recorded during field verification. The condition was assessed as critical because of the immediate potential for a major incident. The affected arrangement was examined under normal working conditions. The affected section was located near access marker 4. A comparable observation from the previous inspection remained unresolved.",Emergency Preparedness,Emergency Safety,Critical,Yes
A review of conditions at the electrical room revealed moisture and degraded insulation were found around electrical components. The condition represented a moderate operational concern and required timely attention. The observation was supported by available inspection records. Review included 8 relevant components or records. Available records did not indicate an earlier occurrence.,Electrical Safety,Electrical,Medium,No
The inspection team noted water accumulation indicated inadequate drainage performance in the low-lying section; Immediate intervention was necessary because the condition presented a serious threat to personnel and operations. The condition was confirmed by direct examination. The affected area covered approximately 40 metres. No comparable deficiency was found in the earlier inspection record.,Water Drainage,Environment,Critical,No
"working section inspection identified airborne dust control in the affected area required improvement. If left unattended, the deficiency could affect safe and reliable operation. Operational checks were carried out at the time of inspection. The condition was verified during shift C. This was recorded as a new observation.",Dust Suppression,Environment,Medium,No
A review of conditions at the workshop revealed inspection identified gaps in the readiness of fire protection equipment. The observation required corrective attention within the normal maintenance cycle. The condition was confirmed by direct examination. The affected area covered approximately 40 metres. A comparable observation from the previous inspection remained unresolved.,Fire Safety,Safety,Medium,Yes
A review of conditions at the transport corridor revealed the mine roadway showed poor surface condition and inadequate control measures. The condition was not immediately critical but could worsen during continued operation. The observation was supported by available inspection records. Review included 8 relevant components or records. The condition had not been documented during the previous inspection.,Haul Road,Mine Safety,Medium,No
"At the maintenance zone, several workers were not consistently using the required protective equipment was recorded during field verification. The deficiency was serious enough to affect safe mine operations and required prompt intervention. Operational checks were carried out at the time of inspection. The condition was verified during shift A. The condition had also been reported during the last inspection cycle.",Personal Protective Equipment,Safety,High,Yes
"equipment bay inspection identified maintenance records were current and scheduled servicing had been completed. The arrangement remained largely satisfactory, with only limited improvement required.",Equipment Maintenance,Equipment Safety,Low,No
"Operational verification confirmed inspection identified gaps in the readiness of fire protection equipment in the workshop. The arrangement remained largely satisfactory, with only limited improvement required. The observation was supported by available inspection records. Review included 3 relevant components or records. Available records did not indicate an earlier occurrence.",Fire Safety,Safety,Low,No
A review of conditions at the development heading revealed structural support components required immediate assessment. The deficiency was serious enough to affect safe mine operations and required prompt intervention. The observation was supported by available inspection records. Review included 7 relevant components or records. No comparable deficiency was found in the earlier inspection record.,Roof Support,Ground Control,High,No
"The inspection team noted multiple support bolts displayed signs of weakening in the active panel; No immediate operational hazard was evident, although the observation required follow-up. The observation was supported by available inspection records. Review included 6 relevant components or records. The condition had not been documented during the previous inspection.",Roof Support,Ground Control,Low,No
Operational verification confirmed measured airflow remained below the applicable requirement in the remote face. The condition was minor and required routine attention. The affected arrangement was examined under normal working conditions. The affected section was located near access marker 9. No comparable deficiency was found in the earlier inspection record.,Ventilation,Safety,Low,No
"Field examination of the working panel showed that measured airflow remained below the applicable requirement. The arrangement remained largely satisfactory, with only limited improvement required. Operational checks were carried out at the time of inspection. The condition was verified during shift C. This was recorded as a new observation.",Ventilation,Safety,Low,No
"At the surface approach, water removal from the working area was slower than expected was recorded during field verification. The observation represented a critical safety concern with potential for severe consequences. The affected arrangement was examined under normal working conditions. The affected section was located near access marker 8. Available records did not indicate an earlier occurrence.",Water Drainage,Environment,Critical,No
Operational verification confirmed water spray equipment was inactive during the inspection in the loading area. Urgent remedial action was required before normal operations could safely continue. Operational checks were carried out at the time of inspection. The condition was verified during shift B. The condition had not been documented during the previous inspection.,Dust Suppression,Environment,Critical,No
"underground section inspection identified the required safety gear was not being used uniformly. No immediate operational hazard was evident, although the observation required follow-up. Field measurements and records were reviewed during the visit. The observation concerned inspection point 9. The condition had not been documented during the previous inspection.",Personal Protective Equipment,Safety,Low,No
The condition represented a moderate operational concern and required timely attention; this inspection therefore recorded several cable junction points required corrective attention at the primary substation. The affected arrangement was examined under normal working conditions. The affected section was located near access marker 6. The condition had not been documented during the previous inspection.,Electrical Safety,Electrical,Medium,No
"During the current visit, the loading area showed the mine roadway showed poor surface condition and inadequate control measures. The condition was assessed as critical because of the immediate potential for a major incident. The affected arrangement was examined under normal working conditions. The affected section was located near access marker 8. No similar condition was identified in the preceding inspection.",Haul Road,Mine Safety,Critical,No
"During the current visit, the workshop showed some fire safety equipment required inspection and servicing. Urgent remedial action was required before normal operations could safely continue. Operational checks were carried out at the time of inspection. The condition was verified during shift A. A comparable observation from the previous inspection remained unresolved.",Fire Safety,Safety,Critical,Yes
"At the working panel, scheduled servicing of one or more machines had been delayed was recorded during field verification. The observation required corrective attention within the normal maintenance cycle. The affected arrangement was examined under normal working conditions. The affected section was located near access marker 6. No similar condition was identified in the preceding inspection.",Equipment Maintenance,Equipment Safety,Medium,No
"During the current visit, the electrical area showed some fire safety equipment required inspection and servicing. If left unattended, the deficiency could affect safe and reliable operation. The condition was confirmed by direct examination. The affected area covered approximately 40 metres. Records showed that the same deficiency had been raised earlier.",Fire Safety,Safety,Medium,Yes
"The inspection team noted emergency response documentation was not fully current in the rescue station; No immediate operational hazard was evident, although the observation required follow-up. The affected arrangement was examined under normal working conditions. The affected section was located near access marker 5. The condition had not been documented during the previous inspection.",Emergency Preparedness,Emergency Safety,Low,No
"The inspection team noted assembly points, first-aid provisions, and rescue readiness were found satisfactory in the emergency assembly point; The condition was minor and required routine attention.",Emergency Preparedness,Emergency Safety,Low,No
Field examination of the low-lying section showed that water accumulation indicated inadequate drainage performance. Continued operation without correction could expose personnel to a substantial hazard. Operational checks were carried out at the time of inspection. The condition was verified during shift C. No similar condition was identified in the preceding inspection.,Water Drainage,Environment,High,No
Operational verification confirmed the required safety gear was not being used uniformly in the maintenance zone. The observed condition created a significant operational and safety concern. The condition was confirmed by direct examination. The affected area covered approximately 40 metres. Available records did not indicate an earlier occurrence.,Personal Protective Equipment,Safety,High,No
"The inspection team noted several cable junction points required corrective attention in the primary substation; No immediate operational hazard was evident, although the observation required follow-up. The condition was confirmed by direct examination. The affected area covered approximately 40 metres. Records showed that the same deficiency had been raised earlier.",Electrical Safety,Electrical,Low,Yes
The inspection team noted water spray equipment was inactive during the inspection in the working section; Urgent remedial action was required before normal operations could safely continue. The affected arrangement was examined under normal working conditions. The affected section was located near access marker 8. The condition had not been documented during the previous inspection.,Dust Suppression,Environment,Critical,No
Operational verification confirmed air velocity was below the required operating level in the Level -2. The deficiency was limited and no immediate safety concern was identified. The affected arrangement was examined under normal working conditions. The affected section was located near access marker 5. The condition had not been documented during the previous inspection.,Ventilation,Safety,Low,No
"At the surface approach, drainage channels were partially obstructed was recorded during field verification. The condition was not immediately critical but could worsen during continued operation. The condition was confirmed by direct examination. The affected area covered approximately 40 metres. Records showed that the same deficiency had been raised earlier.",Water Drainage,Environment,Medium,Yes
Inspection records for the equipment bay indicate inspection of machinery records revealed gaps in preventive maintenance. The condition was minor and required routine attention. The affected arrangement was examined under normal working conditions. The affected section was located near access marker 9. No similar condition was identified in the preceding inspection.,Equipment Maintenance,Equipment Safety,Low,No
"At the electrical room, several cable junction points required corrective attention was recorded during field verification. The condition was minor and required routine attention. The observation was supported by available inspection records. Review included 4 relevant components or records. Earlier inspection records indicated that this issue had occurred before.",Electrical Safety,Electrical,Low,Yes
"During the current visit, the underground roadway showed water accumulation indicated inadequate drainage performance. No immediate operational hazard was evident, although the observation required follow-up. The condition was confirmed by direct examination. The affected area covered approximately 40 metres. The condition had not been documented during the previous inspection.",Water Drainage,Environment,Low,No
Field examination of the coal face showed that roof support elements exhibited deterioration requiring closer attention. The condition was not immediately critical but could worsen during continued operation. The affected arrangement was examined under normal working conditions. The affected section was located near access marker 6. No comparable deficiency was found in the earlier inspection record.,Roof Support,Ground Control,Medium,No
"Field examination of the service section showed that insulation readings on selected circuits were below the acceptable level. The arrangement remained largely satisfactory, with only limited improvement required. Operational checks were carried out at the time of inspection. The condition was verified during shift B. No comparable deficiency was found in the earlier inspection record.",Electrical Safety,Electrical,Low,No
underground escape route inspection identified some emergency preparedness records and arrangements were incomplete. The observed condition created a significant operational and safety concern. Operational checks were carried out at the time of inspection. The condition was verified during shift A. A comparable observation from the previous inspection remained unresolved.,Emergency Preparedness,Emergency Safety,High,Yes
"During the current visit, the working panel showed standing water was observed in the affected section. The condition was minor and required routine attention. Field measurements and records were reviewed during the visit. The observation concerned inspection point 9. Available records did not indicate an earlier occurrence.",Water Drainage,Environment,Low,No
Inspection records for the loading area indicate traffic conditions were affected by deterioration of the transport route. The condition was minor and required routine attention. The affected arrangement was examined under normal working conditions. The affected section was located near access marker 5. The condition had not been documented during the previous inspection.,Haul Road,Mine Safety,Low,No
Inspection records for the primary substation indicate several cable junction points required corrective attention. The condition was assessed as critical because of the immediate potential for a major incident. Field measurements and records were reviewed during the visit. The observation concerned inspection point 4. Earlier inspection records indicated that this issue had occurred before.,Electrical Safety,Electrical,Critical,Yes
"During the current visit, the emergency assembly point showed emergency response documentation was not fully current. The observed condition created a significant operational and safety concern. The affected arrangement was examined under normal working conditions. The affected section was located near access marker 7. A comparable observation from the previous inspection remained unresolved.",Emergency Preparedness,Emergency Safety,High,Yes
"During the current visit, the low-lying section showed water accumulation indicated inadequate drainage performance. The observation represented a critical safety concern with potential for severe consequences. The observation was supported by available inspection records. Review included 7 relevant components or records. Available records did not indicate an earlier occurrence.",Water Drainage,Environment,Critical,No
primary substation inspection identified electrical enclosures were dry and insulation readings were within acceptable limits. The condition was minor and required routine attention.,Electrical Safety,Electrical,Low,No
Field examination of the transfer point showed that the suppression system was providing inadequate dust reduction. Continued operation without correction could expose personnel to a substantial hazard. The observation was supported by available inspection records. Review included 2 relevant components or records. Earlier inspection records indicated that this issue had occurred before.,Dust Suppression,Environment,High,Yes
"During the current visit, the underground roadway showed standing water was observed in the affected section. The condition was minor and required routine attention. The affected arrangement was examined under normal working conditions. The affected section was located near access marker 1. Records showed that the same deficiency had been raised earlier.",Water Drainage,Environment,Low,Yes
The inspection team noted the inspected response facilities showed gaps in readiness in the underground escape route; Urgent remedial action was required before normal operations could safely continue. Operational checks were carried out at the time of inspection. The condition was verified during shift B. No comparable deficiency was found in the earlier inspection record.,Emergency Preparedness,Emergency Safety,Critical,No
Inspection records for the underground roadway indicate water removal from the working area was slower than expected. The condition was assessed as critical because of the immediate potential for a major incident. The condition was confirmed by direct examination. The affected area covered approximately 40 metres. No similar condition was identified in the preceding inspection.,Water Drainage,Environment,Critical,No
Field examination of the underground working showed that several rock bolts showed corrosion and reduced integrity. The condition was minor and required routine attention. The affected arrangement was examined under normal working conditions. The affected section was located near access marker 5. No similar condition was identified in the preceding inspection.,Roof Support,Ground Control,Low,No
The inspection team noted accessibility and readiness of emergency provisions required attention in the surface facilities; Immediate intervention was necessary because the condition presented a serious threat to personnel and operations. The observation was supported by available inspection records. Review included 6 relevant components or records. No similar condition was identified in the preceding inspection.,Emergency Preparedness,Emergency Safety,Critical,No
"During the current visit, the mechanical workshop showed maintenance intervals had not been consistently observed. If left unattended, the deficiency could affect safe and reliable operation. The condition was confirmed by direct examination. The affected area covered approximately 40 metres. Records showed that the same deficiency had been raised earlier.",Equipment Maintenance,Equipment Safety,Medium,Yes
"During the current visit, the loading area showed road conditions could adversely affect safe movement of mine vehicles. Urgent remedial action was required before normal operations could safely continue. The affected arrangement was examined under normal working conditions. The affected section was located near access marker 8. The condition had not been documented during the previous inspection.",Haul Road,Mine Safety,Critical,No
Inspection records for the underground distribution area indicate moisture and degraded insulation were found around electrical components. Urgent remedial action was required before normal operations could safely continue. The condition was confirmed by direct examination. The affected area covered approximately 40 metres. This was recorded as a new observation.,Electrical Safety,Electrical,Critical,No
"A review of conditions at the service section revealed insulation readings on selected circuits were below the acceptable level. No immediate operational hazard was evident, although the observation required follow-up. The condition was confirmed by direct examination. The affected area covered approximately 40 metres. Available records did not indicate an earlier occurrence.",Electrical Safety,Electrical,Low,No
The inspection team noted the fire protection arrangement did not fully meet the expected readiness level in the conveyor section; The condition was minor and required routine attention. The affected arrangement was examined under normal working conditions. The affected section was located near access marker 1. The condition had also been reported during the last inspection cycle.,Fire Safety,Safety,Low,Yes
It was observed that multiple support bolts displayed signs of weakening at the coal face. Urgent remedial action was required before normal operations could safely continue. The condition was confirmed by direct examination. The affected area covered approximately 40 metres. This was recorded as a new observation.,Roof Support,Ground Control,Critical,No
"A review of conditions at the surface facilities revealed accessibility and readiness of emergency provisions required attention. No immediate operational hazard was evident, although the observation required follow-up. Field measurements and records were reviewed during the visit. The observation concerned inspection point 9. The condition had not been documented during the previous inspection.",Emergency Preparedness,Emergency Safety,Low,No
The inspection team noted the installed roof support system showed measurable loss of condition in the coal face; The deficiency was serious enough to affect safe mine operations and required prompt intervention. The affected arrangement was examined under normal working conditions. The affected section was located near access marker 11. No similar condition was identified in the preceding inspection.,Roof Support,Ground Control,High,No
"The inspection team noted assembly points, first-aid provisions, and rescue readiness were found satisfactory in the surface facilities; The condition was minor and required routine attention.",Emergency Preparedness,Emergency Safety,Low,No
The inspection team noted the emergency response arrangement required improvement in the emergency assembly point; Immediate intervention was necessary because the condition presented a serious threat to personnel and operations. Field measurements and records were reviewed during the visit. The observation concerned inspection point 2. Available records did not indicate an earlier occurrence.,Emergency Preparedness,Emergency Safety,Critical,No
Inspection records for the service section indicate electrical enclosures were dry and insulation readings were within acceptable limits. The deficiency was limited and no immediate safety concern was identified.,Electrical Safety,Electrical,Low,No
Operational verification confirmed emergency response documentation was not fully current in the surface facilities. The condition was minor and required routine attention. The observation was supported by available inspection records. Review included 4 relevant components or records. A comparable observation from the previous inspection remained unresolved.,Emergency Preparedness,Emergency Safety,Low,Yes
Field examination of the surface approach showed that drainage channels were clear and no significant water accumulation was observed. The condition was minor and required routine attention.,Water Drainage,Environment,Low,No
The condition was minor and required routine attention; this inspection therefore recorded several sections of the vehicle route were uneven and required repair at the main access route. The condition was confirmed by direct examination. The affected area covered approximately 40 metres. The condition had also been reported during the last inspection cycle.,Haul Road,Mine Safety,Low,Yes
"Operational verification confirmed air velocity was below the required operating level in the remote face. The arrangement remained largely satisfactory, with only limited improvement required. Field measurements and records were reviewed during the visit. The observation concerned inspection point 5. This was recorded as a new observation.",Ventilation,Safety,Low,No
"Inspection records for the diesel bay indicate the fire protection arrangement did not fully meet the expected readiness level. No immediate operational hazard was evident, although the observation required follow-up. Field measurements and records were reviewed during the visit. The observation concerned inspection point 9. No similar condition was identified in the preceding inspection.",Fire Safety,Safety,Low,No
Field examination of the haul road showed that airborne dust control in the affected area required improvement. Continued operation without correction could expose personnel to a substantial hazard. Field measurements and records were reviewed during the visit. The observation concerned inspection point 8. This was recorded as a new observation.,Dust Suppression,Environment,High,No
The inspection team noted insulation readings on selected circuits were below the acceptable level in the service section; The deficiency was serious enough to affect safe mine operations and required prompt intervention. The condition was confirmed by direct examination. The affected area covered approximately 40 metres. The condition had also been reported during the last inspection cycle.,Electrical Safety,Electrical,High,Yes
"At the underground distribution area, several cable junction points required corrective attention was recorded during field verification. The deficiency was serious enough to affect safe mine operations and required prompt intervention. The condition was confirmed by direct examination. The affected area covered approximately 40 metres. The condition had not been documented during the previous inspection.",Electrical Safety,Electrical,High,No
The inspection team noted the ventilation arrangement was not providing adequate airflow in the Level -2; The observation required corrective attention within the normal maintenance cycle. The condition was confirmed by direct examination. The affected area covered approximately 40 metres. A similar condition had been documented during the preceding inspection.,Ventilation,Safety,Medium,Yes
A review of conditions at the active panel revealed roof support elements exhibited deterioration requiring closer attention. The observation required corrective attention within the normal maintenance cycle. The observation was supported by available inspection records. Review included 8 relevant components or records. This was recorded as a new observation.,Roof Support,Ground Control,Medium,No
It was observed that the roadway surface had potholes and uneven grading at the main access route. The condition represented a moderate operational concern and required timely attention. The affected arrangement was examined under normal working conditions. The affected section was located near access marker 2. The condition had not been documented during the previous inspection.,Haul Road,Mine Safety,Medium,No
"Inspection records for the working section indicate the dust suppression arrangement was functioning effectively during operations. The arrangement remained largely satisfactory, with only limited improvement required. Inspection observation reference 911.",Dust Suppression,Environment,Low,No
Inspection records for the surface facilities indicate emergency response documentation was not fully current. Immediate intervention was necessary because the condition presented a serious threat to personnel and operations. The condition was confirmed by direct examination. The affected area covered approximately 40 metres. Available records did not indicate an earlier occurrence.,Emergency Preparedness,Emergency Safety,Critical,No
Immediate intervention was necessary because the condition presented a serious threat to personnel and operations; this inspection therefore recorded protective equipment compliance was inconsistent in the inspected area at the maintenance zone. Operational checks were carried out at the time of inspection. The condition was verified during shift C. No similar condition was identified in the preceding inspection.,Personal Protective Equipment,Safety,Critical,No
Inspection records for the low-lying section indicate water accumulation indicated inadequate drainage performance. Urgent remedial action was required before normal operations could safely continue. The condition was confirmed by direct examination. The affected area covered approximately 40 metres. Available records did not indicate an earlier occurrence.,Water Drainage,Environment,Critical,No
"A review of conditions at the transfer point revealed the dust suppression arrangement was functioning effectively during operations. The arrangement remained largely satisfactory, with only limited improvement required.",Dust Suppression,Environment,Low,No
"The arrangement remained largely satisfactory, with only limited improvement required; this inspection therefore recorded the dust control arrangement was not operating effectively at the transfer point. The observation was supported by available inspection records. Review included 5 relevant components or records. No comparable deficiency was found in the earlier inspection record.",Dust Suppression,Environment,Low,No
"The arrangement remained largely satisfactory, with only limited improvement required; this inspection therefore recorded installed roof supports were intact and showed no material loss of integrity at the development heading.",Roof Support,Ground Control,Low,No
"The inspection team noted accessibility and readiness of emergency provisions required attention in the surface facilities; If left unattended, the deficiency could affect safe and reliable operation. The affected arrangement was examined under normal working conditions. The affected section was located near access marker 2. Available records did not indicate an earlier occurrence.",Emergency Preparedness,Emergency Safety,Medium,No
"At the development heading, several rock bolts showed corrosion and reduced integrity was recorded during field verification. The observation required corrective attention within the normal maintenance cycle. The observation was supported by available inspection records. Review included 3 relevant components or records. The condition had also been reported during the last inspection cycle.",Roof Support,Ground Control,Medium,Yes
The condition was minor and required routine attention; this inspection therefore recorded moisture and degraded insulation were found around electrical components at the primary substation. The affected arrangement was examined under normal working conditions. The affected section was located near access marker 5. The condition had not been documented during the previous inspection.,Electrical Safety,Electrical,Low,No
"At the conveyor section, inspection identified gaps in the readiness of fire protection equipment was recorded during field verification. The condition was minor and required routine attention. The affected arrangement was examined under normal working conditions. The affected section was located near access marker 1. A comparable observation from the previous inspection remained unresolved.",Fire Safety,Safety,Low,Yes
Operational verification confirmed the suppression system was providing inadequate dust reduction in the transfer point. The observed condition created a significant operational and safety concern. Field measurements and records were reviewed during the visit. The observation concerned inspection point 6. Available records did not indicate an earlier occurrence.,Dust Suppression,Environment,High,No
It was observed that moisture and degraded insulation were found around electrical components at the underground distribution area. The observed condition created a significant operational and safety concern. The condition was confirmed by direct examination. The affected area covered approximately 40 metres. This was recorded as a new observation.,Electrical Safety,Electrical,High,No
It was observed that the ventilation arrangement was not providing adequate airflow at the Level -2. The condition represented a moderate operational concern and required timely attention. Operational checks were carried out at the time of inspection. The condition was verified during shift A. A comparable observation from the previous inspection remained unresolved.,Ventilation,Safety,Medium,Yes
"During the current visit, the haul road showed airborne dust control in the affected area required improvement. The condition was assessed as critical because of the immediate potential for a major incident. The condition was confirmed by direct examination. The affected area covered approximately 40 metres. Available records did not indicate an earlier occurrence.",Dust Suppression,Environment,Critical,No
A review of conditions at the development heading revealed structural support components required immediate assessment. The condition was not immediately critical but could worsen during continued operation. The condition was confirmed by direct examination. The affected area covered approximately 40 metres. The condition had not been documented during the previous inspection.,Roof Support,Ground Control,Medium,No
"diesel bay inspection identified access to selected firefighting equipment was restricted. The arrangement remained largely satisfactory, with only limited improvement required. The condition was confirmed by direct examination. The affected area covered approximately 40 metres. This was recorded as a new observation.",Fire Safety,Safety,Low,No
Operational verification confirmed protective equipment compliance was inconsistent in the inspected area in the maintenance zone. The deficiency was limited and no immediate safety concern was identified. The affected arrangement was examined under normal working conditions. The affected section was located near access marker 9. Available records did not indicate an earlier occurrence.,Personal Protective Equipment,Safety,Low,No
A review of conditions at the electrical area revealed access to selected firefighting equipment was restricted. The deficiency was serious enough to affect safe mine operations and required prompt intervention. The affected arrangement was examined under normal working conditions. The affected section was located near access marker 11. No similar condition was identified in the preceding inspection.,Fire Safety,Safety,High,No
Operational verification confirmed the installed roof support system showed measurable loss of condition in the active panel. The observed condition created a significant operational and safety concern. Operational checks were carried out at the time of inspection. The condition was verified during shift B. This was recorded as a new observation.,Roof Support,Ground Control,High,No
"Inspection records for the conveyor section indicate firefighting equipment was accessible, inspected, and ready for use. The deficiency was limited and no immediate safety concern was identified. Inspection observation reference 611.",Fire Safety,Safety,Low,No
Continued operation without correction could expose personnel to a substantial hazard; this inspection therefore recorded the roadway surface had potholes and uneven grading at the surface section. The condition was confirmed by direct examination. The affected area covered approximately 40 metres. No comparable deficiency was found in the earlier inspection record.,Haul Road,Mine Safety,High,No
A review of conditions at the underground escape route revealed the inspected response facilities showed gaps in readiness. The observation represented a critical safety concern with potential for severe consequences. Field measurements and records were reviewed during the visit. The observation concerned inspection point 6. The condition had not been documented during the previous inspection.,Emergency Preparedness,Emergency Safety,Critical,No
Operational verification confirmed some personnel were observed without complete prescribed PPE in the working area. The condition was not immediately critical but could worsen during continued operation. The observation was supported by available inspection records. Review included 2 relevant components or records. No similar condition was identified in the preceding inspection.,Personal Protective Equipment,Safety,Medium,No
"Inspection records for the maintenance zone indicate the required safety gear was not being used uniformly. The arrangement remained largely satisfactory, with only limited improvement required. The condition was confirmed by direct examination. The affected area covered approximately 40 metres. This was recorded as a new observation.",Personal Protective Equipment,Safety,Low,No
working panel inspection identified maintenance documentation for operational machinery was incomplete. The condition was minor and required routine attention. Operational checks were carried out at the time of inspection. The condition was verified during shift A. A comparable observation from the previous inspection remained unresolved.,Equipment Maintenance,Equipment Safety,Low,Yes
"Inspection records for the loading area indicate the roadway surface was properly graded and traffic controls were functioning. The arrangement remained largely satisfactory, with only limited improvement required.",Haul Road,Mine Safety,Low,No
"During the current visit, the active panel showed the installed roof support system showed measurable loss of condition. The condition presented a significant safety concern requiring priority attention. The observation was supported by available inspection records. Review included 3 relevant components or records. This was recorded as a new observation.",Roof Support,Ground Control,High,No
Inspection records for the rescue station indicate the inspected response facilities showed gaps in readiness. The observed condition created a significant operational and safety concern. Operational checks were carried out at the time of inspection. The condition was verified during shift C. The condition had not been documented during the previous inspection.,Emergency Preparedness,Emergency Safety,High,No
"During the current visit, the equipment bay showed inspection of machinery records revealed gaps in preventive maintenance. The deficiency was serious enough to affect safe mine operations and required prompt intervention. The observation was supported by available inspection records. Review included 7 relevant components or records. This was recorded as a new observation.",Equipment Maintenance,Equipment Safety,High,No
It was observed that some personnel were observed without complete prescribed PPE at the maintenance zone. Continued operation without correction could expose personnel to a substantial hazard. The condition was confirmed by direct examination. The affected area covered approximately 40 metres. Records showed that the same deficiency had been raised earlier.,Personal Protective Equipment,Safety,High,Yes
Field examination of the working panel showed that drainage channels were partially obstructed. The observation represented a critical safety concern with potential for severe consequences. The affected arrangement was examined under normal working conditions. The affected section was located near access marker 4. Records showed that the same deficiency had been raised earlier.,Water Drainage,Environment,Critical,Yes
"Field examination of the transfer point showed that the dust control arrangement was not operating effectively. If left unattended, the deficiency could affect safe and reliable operation. The affected arrangement was examined under normal working conditions. The affected section was located near access marker 10. Earlier inspection records indicated that this issue had occurred before.",Dust Suppression,Environment,Medium,Yes
"No immediate operational hazard was evident, although the observation required follow-up; this inspection therefore recorded traffic conditions were affected by deterioration of the transport route at the main access route. The affected arrangement was examined under normal working conditions. The affected section was located near access marker 9. The condition had not been documented during the previous inspection.",Haul Road,Mine Safety,Low,No
The inspection team noted water spray equipment was inactive during the inspection in the transfer point; The deficiency was serious enough to affect safe mine operations and required prompt intervention. The condition was confirmed by direct examination. The affected area covered approximately 40 metres. No similar condition was identified in the preceding inspection.,Dust Suppression,Environment,High,No
"During the current visit, the development heading showed roof support elements exhibited deterioration requiring closer attention. Immediate intervention was necessary because the condition presented a serious threat to personnel and operations. Field measurements and records were reviewed during the visit. The observation concerned inspection point 7. The condition had also been reported during the last inspection cycle.",Roof Support,Ground Control,Critical,Yes
Operational verification confirmed brake and service records for the equipment were not fully available in the underground section. The condition was assessed as critical because of the immediate potential for a major incident. Operational checks were carried out at the time of inspection. The condition was verified during shift C. This was recorded as a new observation.,Equipment Maintenance,Equipment Safety,Critical,No
"underground section inspection identified the ventilation arrangement was not providing adequate airflow. If left unattended, the deficiency could affect safe and reliable operation. Operational checks were carried out at the time of inspection. The condition was verified during shift C. The condition had not been documented during the previous inspection.",Ventilation,Safety,Medium,No
Field examination of the transfer point showed that water spray equipment was inactive during the inspection. The condition presented a significant safety concern requiring priority attention. Operational checks were carried out at the time of inspection. The condition was verified during shift C. No comparable deficiency was found in the earlier inspection record.,Dust Suppression,Environment,High,No
workshop inspection identified some fire safety equipment required inspection and servicing. The condition was assessed as critical because of the immediate potential for a major incident. The condition was confirmed by direct examination. The affected area covered approximately 40 metres. No comparable deficiency was found in the earlier inspection record.,Fire Safety,Safety,Critical,No
"During the current visit, the electrical room showed electrical enclosures were dry and insulation readings were within acceptable limits. No immediate operational hazard was evident, although the observation required follow-up.",Electrical Safety,Electrical,Low,No
"Operational verification confirmed some fire safety equipment required inspection and servicing in the diesel bay. If left unattended, the deficiency could affect safe and reliable operation. Operational checks were carried out at the time of inspection. The condition was verified during shift C. Available records did not indicate an earlier occurrence.",Fire Safety,Safety,Medium,No
Inspection records for the loading area indicate several sections of the vehicle route were uneven and required repair. The deficiency was limited and no immediate safety concern was identified. The observation was supported by available inspection records. Review included 3 relevant components or records. The condition had not been documented during the previous inspection.,Haul Road,Mine Safety,Low,No
Inspection records for the working panel indicate maintenance intervals had not been consistently observed. Urgent remedial action was required before normal operations could safely continue. The affected arrangement was examined under normal working conditions. The affected section was located near access marker 12. Available records did not indicate an earlier occurrence.,Equipment Maintenance,Equipment Safety,Critical,No
It was observed that the installed roof support system showed measurable loss of condition at the underground working. The observation required corrective attention within the normal maintenance cycle. Field measurements and records were reviewed during the visit. The observation concerned inspection point 8. The condition had not been documented during the previous inspection.,Roof Support,Ground Control,Medium,No
The inspection team noted availability and use of protective gear required improvement in the working area; The condition presented a significant safety concern requiring priority attention. The observation was supported by available inspection records. Review included 7 relevant components or records. This was recorded as a new observation.,Personal Protective Equipment,Safety,High,No
Field examination of the emergency assembly point showed that the emergency response arrangement required improvement. The deficiency was serious enough to affect safe mine operations and required prompt intervention. The observation was supported by available inspection records. Review included 8 relevant components or records. This was recorded as a new observation.,Emergency Preparedness,Emergency Safety,High,No
A review of conditions at the working panel revealed measured airflow remained below the applicable requirement. The observation represented a critical safety concern with potential for severe consequences. Operational checks were carried out at the time of inspection. The condition was verified during shift B. Available records did not indicate an earlier occurrence.,Ventilation,Safety,Critical,No
"Field examination of the haul road showed that water spray equipment was inactive during the inspection. No immediate operational hazard was evident, although the observation required follow-up. The affected arrangement was examined under normal working conditions. The affected section was located near access marker 9. The condition had not been documented during the previous inspection.",Dust Suppression,Environment,Low,No
Operational verification confirmed structural support components required immediate assessment in the underground working. The observed condition created a significant operational and safety concern. The observation was supported by available inspection records. Review included 8 relevant components or records. Available records did not indicate an earlier occurrence.,Roof Support,Ground Control,High,No
Inspection records for the electrical room indicate insulation readings on selected circuits were below the acceptable level. The observed condition created a significant operational and safety concern. Field measurements and records were reviewed during the visit. The observation concerned inspection point 4. A similar condition had been documented during the preceding inspection.,Electrical Safety,Electrical,High,Yes
"Inspection records for the workshop indicate firefighting provisions were incomplete or not readily available. No immediate operational hazard was evident, although the observation required follow-up. The condition was confirmed by direct examination. The affected area covered approximately 40 metres. A similar condition had been documented during the preceding inspection.",Fire Safety,Safety,Low,Yes
"During the current visit, the service section showed the electrical installation showed signs of moisture-related deterioration. The condition presented a significant safety concern requiring priority attention. Operational checks were carried out at the time of inspection. The condition was verified during shift C. This was recorded as a new observation.",Electrical Safety,Electrical,High,No
maintenance zone inspection identified protective equipment compliance was inconsistent in the inspected area. The deficiency was limited and no immediate safety concern was identified. Operational checks were carried out at the time of inspection. The condition was verified during shift A. Earlier inspection records indicated that this issue had occurred before.,Personal Protective Equipment,Safety,Low,Yes
A review of conditions at the equipment bay revealed maintenance records were current and scheduled servicing had been completed. The condition was minor and required routine attention.,Equipment Maintenance,Equipment Safety,Low,No
It was observed that some personnel were observed without complete prescribed PPE at the working area. The condition presented a significant safety concern requiring priority attention. Field measurements and records were reviewed during the visit. The observation concerned inspection point 1. A comparable observation from the previous inspection remained unresolved.,Personal Protective Equipment,Safety,High,Yes
"The inspection team noted measured airflow remained below the applicable requirement in the Level -2; The arrangement remained largely satisfactory, with only limited improvement required. The condition was confirmed by direct examination. The affected area covered approximately 40 metres. A similar condition had been documented during the preceding inspection.",Ventilation,Safety,Low,Yes
The inspection team noted road conditions could adversely affect safe movement of mine vehicles in the loading area; Immediate intervention was necessary because the condition presented a serious threat to personnel and operations. The condition was confirmed by direct examination. The affected area covered approximately 40 metres. No similar condition was identified in the preceding inspection.,Haul Road,Mine Safety,Critical,No
"The inspection team noted the suppression system was providing inadequate dust reduction in the transfer point; The arrangement remained largely satisfactory, with only limited improvement required. The affected arrangement was examined under normal working conditions. The affected section was located near access marker 1. A similar condition had been documented during the preceding inspection.",Dust Suppression,Environment,Low,Yes
It was observed that air velocity was below the required operating level at the underground section. The condition presented a significant safety concern requiring priority attention. The affected arrangement was examined under normal working conditions. The affected section was located near access marker 11. Available records did not indicate an earlier occurrence.,Ventilation,Safety,High,No
Inspection records for the working area indicate protective equipment compliance was inconsistent in the inspected area. Continued operation without correction could expose personnel to a substantial hazard. Field measurements and records were reviewed during the visit. The observation concerned inspection point 4. The condition had also been reported during the last inspection cycle.,Personal Protective Equipment,Safety,High,Yes
"Field examination of the loading point showed that the required safety gear was not being used uniformly. If left unattended, the deficiency could affect safe and reliable operation. The observation was supported by available inspection records. Review included 8 relevant components or records. No similar condition was identified in the preceding inspection.",Personal Protective Equipment,Safety,Medium,No
Continued operation without correction could expose personnel to a substantial hazard; this inspection therefore recorded insulation readings on selected circuits were below the acceptable level at the electrical room. The affected arrangement was examined under normal working conditions. The affected section was located near access marker 11. The condition had not been documented during the previous inspection.,Electrical Safety,Electrical,High,No
Field examination of the underground section showed that brake and service records for the equipment were not fully available. Continued operation without correction could expose personnel to a substantial hazard. The affected arrangement was examined under normal working conditions. The affected section was located near access marker 7. A similar condition had been documented during the preceding inspection.,Equipment Maintenance,Equipment Safety,High,Yes
Operational verification confirmed the suppression system was providing inadequate dust reduction in the transfer point. The condition was not immediately critical but could worsen during continued operation. The affected arrangement was examined under normal working conditions. The affected section was located near access marker 6. Available records did not indicate an earlier occurrence.,Dust Suppression,Environment,Medium,No
A review of conditions at the Level -2 revealed ventilation measurements remained within the required operating range. The deficiency was limited and no immediate safety concern was identified.,Ventilation,Safety,Low,No
"Operational verification confirmed the dust suppression arrangement was functioning effectively during operations in the loading area. The arrangement remained largely satisfactory, with only limited improvement required.",Dust Suppression,Environment,Low,No
Urgent remedial action was required before normal operations could safely continue; this inspection therefore recorded water spray equipment was inactive during the inspection at the working section. The affected arrangement was examined under normal working conditions. The affected section was located near access marker 12. No comparable deficiency was found in the earlier inspection record.,Dust Suppression,Environment,Critical,No
"A review of conditions at the coal face revealed the installed roof support system showed measurable loss of condition. No immediate operational hazard was evident, although the observation required follow-up. The condition was confirmed by direct examination. The affected area covered approximately 40 metres. Records showed that the same deficiency had been raised earlier.",Roof Support,Ground Control,Low,Yes
"It was observed that structural support components required immediate assessment at the active panel. If left unattended, the deficiency could affect safe and reliable operation. Field measurements and records were reviewed during the visit. The observation concerned inspection point 5. No similar condition was identified in the preceding inspection.",Roof Support,Ground Control,Medium,No
"Field examination of the loading area showed that traffic conditions were affected by deterioration of the transport route. If left unattended, the deficiency could affect safe and reliable operation. The condition was confirmed by direct examination. The affected area covered approximately 40 metres. A comparable observation from the previous inspection remained unresolved.",Haul Road,Mine Safety,Medium,Yes
"A review of conditions at the underground escape route revealed accessibility and readiness of emergency provisions required attention. The arrangement remained largely satisfactory, with only limited improvement required. The condition was confirmed by direct examination. The affected area covered approximately 40 metres. The condition had not been documented during the previous inspection.",Emergency Preparedness,Emergency Safety,Low,No
"At the haul road, the dust suppression arrangement was functioning effectively during operations was recorded during field verification. The arrangement remained largely satisfactory, with only limited improvement required.",Dust Suppression,Environment,Low,No
"The arrangement remained largely satisfactory, with only limited improvement required; this inspection therefore recorded the roadway surface was properly graded and traffic controls were functioning at the main access route.",Haul Road,Mine Safety,Low,No
"Operational verification confirmed brake and service records for the equipment were not fully available in the equipment bay. The arrangement remained largely satisfactory, with only limited improvement required. The observation was supported by available inspection records. Review included 4 relevant components or records. A comparable observation from the previous inspection remained unresolved.",Equipment Maintenance,Equipment Safety,Low,Yes
Operational verification confirmed air circulation had deteriorated beyond the acceptable limit in the working panel. The condition represented a moderate operational concern and required timely attention. The observation was supported by available inspection records. Review included 3 relevant components or records. A similar condition had been documented during the preceding inspection.,Ventilation,Safety,Medium,Yes
"At the haul road, the suppression system was providing inadequate dust reduction was recorded during field verification. The deficiency was limited and no immediate safety concern was identified. Field measurements and records were reviewed during the visit. The observation concerned inspection point 9. Available records did not indicate an earlier occurrence.",Dust Suppression,Environment,Low,No
It was observed that the remote face was receiving insufficient fresh air at the remote face. The observed condition created a significant operational and safety concern. The observation was supported by available inspection records. Review included 7 relevant components or records. Available records did not indicate an earlier occurrence.,Ventilation,Safety,High,No
It was observed that degraded electrical protection was observed in the inspected installation at the primary substation. Continued operation without correction could expose personnel to a substantial hazard. Operational checks were carried out at the time of inspection. The condition was verified during shift C. No similar condition was identified in the preceding inspection.,Electrical Safety,Electrical,High,No
Inspection records for the Level -2 indicate measured airflow remained below the applicable requirement. The condition was minor and required routine attention. The observation was supported by available inspection records. Review included 6 relevant components or records. No similar condition was identified in the preceding inspection.,Ventilation,Safety,Low,No
"At the transfer point, the dust suppression arrangement was functioning effectively during operations was recorded during field verification. The condition was minor and required routine attention.",Dust Suppression,Environment,Low,No
"The arrangement remained largely satisfactory, with only limited improvement required; this inspection therefore recorded insulation readings on selected circuits were below the acceptable level at the electrical room. Field measurements and records were reviewed during the visit. The observation concerned inspection point 9. No comparable deficiency was found in the earlier inspection record.",Electrical Safety,Electrical,Low,No
"Inspection records for the underground escape route indicate assembly points, first-aid provisions, and rescue readiness were found satisfactory. The arrangement remained largely satisfactory, with only limited improvement required.",Emergency Preparedness,Emergency Safety,Low,No
Field examination of the underground distribution area showed that insulation readings on selected circuits were below the acceptable level. The observation represented a critical safety concern with potential for severe consequences. The affected arrangement was examined under normal working conditions. The affected section was located near access marker 8. No comparable deficiency was found in the earlier inspection record.,Electrical Safety,Electrical,Critical,No
Continued operation without correction could expose personnel to a substantial hazard; this inspection therefore recorded several sections of the vehicle route were uneven and required repair at the transport corridor. Field measurements and records were reviewed during the visit. The observation concerned inspection point 4. Records showed that the same deficiency had been raised earlier.,Haul Road,Mine Safety,High,Yes
Inspection records for the primary substation indicate the electrical installation showed signs of moisture-related deterioration. The deficiency was serious enough to affect safe mine operations and required prompt intervention. Field measurements and records were reviewed during the visit. The observation concerned inspection point 6. This was recorded as a new observation.,Electrical Safety,Electrical,High,No
"At the equipment bay, scheduled servicing of one or more machines had been delayed was recorded during field verification. The deficiency was serious enough to affect safe mine operations and required prompt intervention. The observation was supported by available inspection records. Review included 3 relevant components or records. No similar condition was identified in the preceding inspection.",Equipment Maintenance,Equipment Safety,High,No
"The deficiency was limited and no immediate safety concern was identified; this inspection therefore recorded assembly points, first-aid provisions, and rescue readiness were found satisfactory at the emergency assembly point.",Emergency Preparedness,Emergency Safety,Low,No
It was observed that air velocity was below the required operating level at the remote face. Immediate intervention was necessary because the condition presented a serious threat to personnel and operations. Field measurements and records were reviewed during the visit. The observation concerned inspection point 7. Records showed that the same deficiency had been raised earlier.,Ventilation,Safety,Critical,Yes
The condition presented a significant safety concern requiring priority attention; this inspection therefore recorded multiple support bolts displayed signs of weakening at the development heading. The affected arrangement was examined under normal working conditions. The affected section was located near access marker 7. A similar condition had been documented during the preceding inspection.,Roof Support,Ground Control,High,Yes
"Field examination of the remote face showed that the remote face was receiving insufficient fresh air. No immediate operational hazard was evident, although the observation required follow-up. The observation was supported by available inspection records. Review included 3 relevant components or records. The condition had not been documented during the previous inspection.",Ventilation,Safety,Low,No
The inspection team noted brake and service records for the equipment were not fully available in the mechanical workshop; The condition presented a significant safety concern requiring priority attention. Operational checks were carried out at the time of inspection. The condition was verified during shift C. Available records did not indicate an earlier occurrence.,Equipment Maintenance,Equipment Safety,High,No
"Field examination of the surface approach showed that standing water was observed in the affected section. The arrangement remained largely satisfactory, with only limited improvement required. The observation was supported by available inspection records. Review included 4 relevant components or records. Records showed that the same deficiency had been raised earlier.",Water Drainage,Environment,Low,Yes
Inspection records for the transport corridor indicate the mine roadway showed poor surface condition and inadequate control measures. The deficiency was limited and no immediate safety concern was identified. Operational checks were carried out at the time of inspection. The condition was verified during shift A. A comparable observation from the previous inspection remained unresolved.,Haul Road,Mine Safety,Low,Yes
"During the current visit, the maintenance zone showed the required safety gear was not being used uniformly. Urgent remedial action was required before normal operations could safely continue. Operational checks were carried out at the time of inspection. The condition was verified during shift A. A similar condition had been documented during the preceding inspection.",Personal Protective Equipment,Safety,Critical,Yes
"At the surface approach, water removal from the working area was slower than expected was recorded during field verification. The condition presented a significant safety concern requiring priority attention. The affected arrangement was examined under normal working conditions. The affected section was located near access marker 11. No similar condition was identified in the preceding inspection.",Water Drainage,Environment,High,No
It was observed that inspection of machinery records revealed gaps in preventive maintenance at the mechanical workshop. The deficiency was limited and no immediate safety concern was identified. Operational checks were carried out at the time of inspection. The condition was verified during shift B. The condition had not been documented during the previous inspection.,Equipment Maintenance,Equipment Safety,Low,No
A review of conditions at the development heading revealed installed roof supports were intact and showed no material loss of integrity. The deficiency was limited and no immediate safety concern was identified.,Roof Support,Ground Control,Low,No
It was observed that roof support elements exhibited deterioration requiring closer attention at the coal face. Continued operation without correction could expose personnel to a substantial hazard. Field measurements and records were reviewed during the visit. The observation concerned inspection point 1. A similar condition had been documented during the preceding inspection.,Roof Support,Ground Control,High,Yes
A review of conditions at the Level -2 revealed the remote face was receiving insufficient fresh air. The observed condition created a significant operational and safety concern. The observation was supported by available inspection records. Review included 3 relevant components or records. The condition had not been documented during the previous inspection.,Ventilation,Safety,High,No
Field examination of the working panel showed that water accumulation indicated inadequate drainage performance. The condition was not immediately critical but could worsen during continued operation. Operational checks were carried out at the time of inspection. The condition was verified during shift B. Available records did not indicate an earlier occurrence.,Water Drainage,Environment,Medium,No
"At the remote face, air circulation had deteriorated beyond the acceptable limit was recorded during field verification. The observed condition created a significant operational and safety concern. Field measurements and records were reviewed during the visit. The observation concerned inspection point 6. No similar condition was identified in the preceding inspection.",Ventilation,Safety,High,No
underground working inspection identified roof support elements exhibited deterioration requiring closer attention. The condition was assessed as critical because of the immediate potential for a major incident. Field measurements and records were reviewed during the visit. The observation concerned inspection point 2. This was recorded as a new observation.,Roof Support,Ground Control,Critical,No
It was observed that the remote face was receiving insufficient fresh air at the remote face. The condition was assessed as critical because of the immediate potential for a major incident. The affected arrangement was examined under normal working conditions. The affected section was located near access marker 8. The condition had not been documented during the previous inspection.,Ventilation,Safety,Critical,No
Inspection records for the service section indicate moisture and degraded insulation were found around electrical components. The condition was minor and required routine attention. Operational checks were carried out at the time of inspection. The condition was verified during shift B. The condition had not been documented during the previous inspection.,Electrical Safety,Electrical,Low,No
"During the current visit, the surface approach showed the sump and drainage arrangement required cleaning and maintenance. The arrangement remained largely satisfactory, with only limited improvement required. The observation was supported by available inspection records. Review included 5 relevant components or records. Available records did not indicate an earlier occurrence.",Water Drainage,Environment,Low,No
"At the surface approach, water removal from the working area was slower than expected was recorded during field verification. The deficiency was serious enough to affect safe mine operations and required prompt intervention. Field measurements and records were reviewed during the visit. The observation concerned inspection point 8. Available records did not indicate an earlier occurrence.",Water Drainage,Environment,High,No
"During the current visit, the workshop showed firefighting provisions were incomplete or not readily available. If left unattended, the deficiency could affect safe and reliable operation. The observation was supported by available inspection records. Review included 4 relevant components or records. This was recorded as a new observation.",Fire Safety,Safety,Medium,No
It was observed that the required safety gear was not being used uniformly at the loading point. The condition was not immediately critical but could worsen during continued operation. The observation was supported by available inspection records. Review included 3 relevant components or records. Earlier inspection records indicated that this issue had occurred before.,Personal Protective Equipment,Safety,Medium,Yes
Inspection records for the haul road indicate the suppression system was providing inadequate dust reduction. The observation required corrective attention within the normal maintenance cycle. The affected arrangement was examined under normal working conditions. The affected section was located near access marker 6. No comparable deficiency was found in the earlier inspection record.,Dust Suppression,Environment,Medium,No
It was observed that the roadway surface had potholes and uneven grading at the surface section. The condition was assessed as critical because of the immediate potential for a major incident. Operational checks were carried out at the time of inspection. The condition was verified during shift A. A similar condition had been documented during the preceding inspection.,Haul Road,Mine Safety,Critical,Yes
"During the current visit, the loading point showed several workers were not consistently using the required protective equipment. The condition represented a moderate operational concern and required timely attention. The observation was supported by available inspection records. Review included 4 relevant components or records. The condition had not been documented during the previous inspection.",Personal Protective Equipment,Safety,Medium,No
The condition presented a significant safety concern requiring priority attention; this inspection therefore recorded the mine roadway showed poor surface condition and inadequate control measures at the main access route. The condition was confirmed by direct examination. The affected area covered approximately 40 metres. Records showed that the same deficiency had been raised earlier.,Haul Road,Mine Safety,High,Yes
A review of conditions at the conveyor section revealed some fire safety equipment required inspection and servicing. The deficiency was limited and no immediate safety concern was identified. The observation was supported by available inspection records. Review included 5 relevant components or records. No comparable deficiency was found in the earlier inspection record.,Fire Safety,Safety,Low,No
Field examination of the underground working showed that installed roof supports were intact and showed no material loss of integrity. The deficiency was limited and no immediate safety concern was identified.,Roof Support,Ground Control,Low,No
A review of conditions at the underground section revealed brake and service records for the equipment were not fully available. The deficiency was limited and no immediate safety concern was identified. The condition was confirmed by direct examination. The affected area covered approximately 40 metres. A comparable observation from the previous inspection remained unresolved.,Equipment Maintenance,Equipment Safety,Low,Yes
The observation required corrective attention within the normal maintenance cycle; this inspection therefore recorded water removal from the working area was slower than expected at the surface approach. The observation was supported by available inspection records. Review included 2 relevant components or records. No similar condition was identified in the preceding inspection.,Water Drainage,Environment,Medium,No
The inspection team noted structural support components required immediate assessment in the active panel; The observed condition created a significant operational and safety concern. The condition was confirmed by direct examination. The affected area covered approximately 40 metres. This was recorded as a new observation.,Roof Support,Ground Control,High,No
The inspection team noted air circulation had deteriorated beyond the acceptable limit in the Level -2; Continued operation without correction could expose personnel to a substantial hazard. Field measurements and records were reviewed during the visit. The observation concerned inspection point 8. Available records did not indicate an earlier occurrence.,Ventilation,Safety,High,No
"A review of conditions at the underground working revealed structural support components required immediate assessment. No immediate operational hazard was evident, although the observation required follow-up. The observation was supported by available inspection records. Review included 3 relevant components or records. No similar condition was identified in the preceding inspection.",Roof Support,Ground Control,Low,No
"During the current visit, the working panel showed drainage channels were partially obstructed. If left unattended, the deficiency could affect safe and reliable operation. Field measurements and records were reviewed during the visit. The observation concerned inspection point 5. Available records did not indicate an earlier occurrence.",Water Drainage,Environment,Medium,No
It was observed that inspection of machinery records revealed gaps in preventive maintenance at the mechanical workshop. The condition was assessed as critical because of the immediate potential for a major incident. Field measurements and records were reviewed during the visit. The observation concerned inspection point 4. The condition had also been reported during the last inspection cycle.,Equipment Maintenance,Equipment Safety,Critical,Yes
Inspection records for the surface facilities indicate the inspected response facilities showed gaps in readiness. The condition was minor and required routine attention. The affected arrangement was examined under normal working conditions. The affected section was located near access marker 9. The condition had not been documented during the previous inspection.,Emergency Preparedness,Emergency Safety,Low,No
"No immediate operational hazard was evident, although the observation required follow-up; this inspection therefore recorded water spray equipment was inactive during the inspection at the loading area. Field measurements and records were reviewed during the visit. The observation concerned inspection point 3. No comparable deficiency was found in the earlier inspection record.",Dust Suppression,Environment,Low,No
The deficiency was limited and no immediate safety concern was identified; this inspection therefore recorded the dust control arrangement was not operating effectively at the loading area. The condition was confirmed by direct examination. The affected area covered approximately 40 metres. This was recorded as a new observation.,Dust Suppression,Environment,Low,No
A review of conditions at the loading point revealed personnel in the inspected area were using the required protective equipment. The condition was minor and required routine attention.,Personal Protective Equipment,Safety,Low,No
"Field examination of the surface approach showed that drainage channels were clear and no significant water accumulation was observed. The arrangement remained largely satisfactory, with only limited improvement required.",Water Drainage,Environment,Low,No
"Field examination of the underground roadway showed that drainage channels were clear and no significant water accumulation was observed. No immediate operational hazard was evident, although the observation required follow-up.",Water Drainage,Environment,Low,No
It was observed that protective equipment compliance was inconsistent in the inspected area at the maintenance zone. The observation required corrective attention within the normal maintenance cycle. Operational checks were carried out at the time of inspection. The condition was verified during shift A. Records showed that the same deficiency had been raised earlier.,Personal Protective Equipment,Safety,Medium,Yes
"During the current visit, the loading area showed the dust control arrangement was not operating effectively. The condition presented a significant safety concern requiring priority attention. The condition was confirmed by direct examination. The affected area covered approximately 40 metres. The condition had also been reported during the last inspection cycle.",Dust Suppression,Environment,High,Yes
Field examination of the equipment bay showed that inspection of machinery records revealed gaps in preventive maintenance. The condition represented a moderate operational concern and required timely attention. Field measurements and records were reviewed during the visit. The observation concerned inspection point 1. A comparable observation from the previous inspection remained unresolved.,Equipment Maintenance,Equipment Safety,Medium,Yes
"Inspection records for the electrical area indicate some fire safety equipment required inspection and servicing. The arrangement remained largely satisfactory, with only limited improvement required. Field measurements and records were reviewed during the visit. The observation concerned inspection point 5. No similar condition was identified in the preceding inspection.",Fire Safety,Safety,Low,No
The inspection team noted traffic conditions were affected by deterioration of the transport route in the main access route; The deficiency was limited and no immediate safety concern was identified. The observation was supported by available inspection records. Review included 6 relevant components or records. No comparable deficiency was found in the earlier inspection record.,Haul Road,Mine Safety,Low,No
Field examination of the maintenance zone showed that availability and use of protective gear required improvement. Urgent remedial action was required before normal operations could safely continue. Field measurements and records were reviewed during the visit. The observation concerned inspection point 2. Available records did not indicate an earlier occurrence.,Personal Protective Equipment,Safety,Critical,No
"Operational verification confirmed maintenance documentation for operational machinery was incomplete in the working panel. If left unattended, the deficiency could affect safe and reliable operation. The affected arrangement was examined under normal working conditions. The affected section was located near access marker 10. Records showed that the same deficiency had been raised earlier.",Equipment Maintenance,Equipment Safety,Medium,Yes
"If left unattended, the deficiency could affect safe and reliable operation; this inspection therefore recorded scheduled servicing of one or more machines had been delayed at the mechanical workshop. Field measurements and records were reviewed during the visit. The observation concerned inspection point 8. No similar condition was identified in the preceding inspection.",Equipment Maintenance,Equipment Safety,Medium,No
A review of conditions at the primary substation revealed insulation readings on selected circuits were below the acceptable level. The condition was assessed as critical because of the immediate potential for a major incident. The observation was supported by available inspection records. Review included 5 relevant components or records. The condition had also been reported during the last inspection cycle.,Electrical Safety,Electrical,Critical,Yes
The deficiency was limited and no immediate safety concern was identified; this inspection therefore recorded dust mitigation measures were not consistently available at the transfer point. Operational checks were carried out at the time of inspection. The condition was verified during shift A. The condition had also been reported during the last inspection cycle.,Dust Suppression,Environment,Low,Yes
Field examination of the diesel bay showed that access to selected firefighting equipment was restricted. The condition represented a moderate operational concern and required timely attention. The condition was confirmed by direct examination. The affected area covered approximately 40 metres. No comparable deficiency was found in the earlier inspection record.,Fire Safety,Safety,Medium,No
low-lying section inspection identified standing water was observed in the affected section. The condition was minor and required routine attention. The observation was supported by available inspection records. Review included 6 relevant components or records. The condition had not been documented during the previous inspection.,Water Drainage,Environment,Low,No
A review of conditions at the haul road revealed the suppression system was providing inadequate dust reduction. The observation represented a critical safety concern with potential for severe consequences. The condition was confirmed by direct examination. The affected area covered approximately 40 metres. A comparable observation from the previous inspection remained unresolved.,Dust Suppression,Environment,Critical,Yes
Operational verification confirmed inspection of machinery records revealed gaps in preventive maintenance in the working panel. Urgent remedial action was required before normal operations could safely continue. Field measurements and records were reviewed during the visit. The observation concerned inspection point 2. The condition had not been documented during the previous inspection.,Equipment Maintenance,Equipment Safety,Critical,No
"At the loading area, the dust control arrangement was not operating effectively was recorded during field verification. The condition was assessed as critical because of the immediate potential for a major incident. Operational checks were carried out at the time of inspection. The condition was verified during shift C. Available records did not indicate an earlier occurrence.",Dust Suppression,Environment,Critical,No
It was observed that several sections of the vehicle route were uneven and required repair at the transport corridor. The observation represented a critical safety concern with potential for severe consequences. The observation was supported by available inspection records. Review included 7 relevant components or records. The condition had not been documented during the previous inspection.,Haul Road,Mine Safety,Critical,No
Field examination of the rescue station showed that the emergency response arrangement required improvement. Continued operation without correction could expose personnel to a substantial hazard. The affected arrangement was examined under normal working conditions. The affected section was located near access marker 3. Available records did not indicate an earlier occurrence.,Emergency Preparedness,Emergency Safety,High,No
The inspection team noted dust mitigation measures were not consistently available in the haul road; The deficiency was serious enough to affect safe mine operations and required prompt intervention. Field measurements and records were reviewed during the visit. The observation concerned inspection point 4. The condition had also been reported during the last inspection cycle.,Dust Suppression,Environment,High,Yes
The observation required corrective attention within the normal maintenance cycle; this inspection therefore recorded multiple support bolts displayed signs of weakening at the coal face. Operational checks were carried out at the time of inspection. The condition was verified during shift A. Earlier inspection records indicated that this issue had occurred before.,Roof Support,Ground Control,Medium,Yes
underground distribution area inspection identified insulation readings on selected circuits were below the acceptable level. The deficiency was serious enough to affect safe mine operations and required prompt intervention. The observation was supported by available inspection records. Review included 7 relevant components or records. No comparable deficiency was found in the earlier inspection record.,Electrical Safety,Electrical,High,No
underground section inspection identified personnel in the inspected area were using the required protective equipment. The condition was minor and required routine attention.,Personal Protective Equipment,Safety,Low,No
Field examination of the Level -2 showed that ventilation measurements remained within the required operating range. The deficiency was limited and no immediate safety concern was identified.,Ventilation,Safety,Low,No
"During the current visit, the mechanical workshop showed maintenance intervals had not been consistently observed. The arrangement remained largely satisfactory, with only limited improvement required. The condition was confirmed by direct examination. The affected area covered approximately 40 metres. Earlier inspection records indicated that this issue had occurred before.",Equipment Maintenance,Equipment Safety,Low,Yes
maintenance zone inspection identified personnel in the inspected area were using the required protective equipment. The condition was minor and required routine attention.,Personal Protective Equipment,Safety,Low,No
Operational verification confirmed maintenance intervals had not been consistently observed in the underground section. The observation represented a critical safety concern with potential for severe consequences. The affected arrangement was examined under normal working conditions. The affected section was located near access marker 4. A comparable observation from the previous inspection remained unresolved.,Equipment Maintenance,Equipment Safety,Critical,Yes
"The arrangement remained largely satisfactory, with only limited improvement required; this inspection therefore recorded the mine roadway showed poor surface condition and inadequate control measures at the surface section. Field measurements and records were reviewed during the visit. The observation concerned inspection point 5. The condition had not been documented during the previous inspection.",Haul Road,Mine Safety,Low,No
Operational verification confirmed airborne dust control in the affected area required improvement in the loading area. The deficiency was serious enough to affect safe mine operations and required prompt intervention. The affected arrangement was examined under normal working conditions. The affected section was located near access marker 3. No similar condition was identified in the preceding inspection.,Dust Suppression,Environment,High,No
Inspection records for the electrical room indicate electrical enclosures were dry and insulation readings were within acceptable limits. The deficiency was limited and no immediate safety concern was identified.,Electrical Safety,Electrical,Low,No
A review of conditions at the surface section revealed traffic conditions were affected by deterioration of the transport route. The condition was minor and required routine attention. Operational checks were carried out at the time of inspection. The condition was verified during shift B. This was recorded as a new observation.,Haul Road,Mine Safety,Low,No
"Inspection records for the underground escape route indicate assembly points, first-aid provisions, and rescue readiness were found satisfactory. No immediate operational hazard was evident, although the observation required follow-up.",Emergency Preparedness,Emergency Safety,Low,No
Operational verification confirmed drainage channels were clear and no significant water accumulation was observed in the surface approach. The condition was minor and required routine attention.,Water Drainage,Environment,Low,No
"It was observed that ventilation measurements remained within the required operating range at the underground section. The arrangement remained largely satisfactory, with only limited improvement required.",Ventilation,Safety,Low,No
underground escape route inspection identified emergency response documentation was not fully current. The observation represented a critical safety concern with potential for severe consequences. The observation was supported by available inspection records. Review included 7 relevant components or records. No comparable deficiency was found in the earlier inspection record.,Emergency Preparedness,Emergency Safety,Critical,No
"No immediate operational hazard was evident, although the observation required follow-up; this inspection therefore recorded the mine roadway showed poor surface condition and inadequate control measures at the main access route. Field measurements and records were reviewed during the visit. The observation concerned inspection point 9. No similar condition was identified in the preceding inspection.",Haul Road,Mine Safety,Low,No
The inspection team noted the dust suppression arrangement was functioning effectively during operations in the loading area; The deficiency was limited and no immediate safety concern was identified. Inspection observation reference 905.,Dust Suppression,Environment,Low,No
Field examination of the haul road showed that dust mitigation measures were not consistently available. The condition was minor and required routine attention. The observation was supported by available inspection records. Review included 6 relevant components or records. The condition had not been documented during the previous inspection.,Dust Suppression,Environment,Low,No
It was observed that multiple support bolts displayed signs of weakening at the underground working. The observation represented a critical safety concern with potential for severe consequences. The affected arrangement was examined under normal working conditions. The affected section was located near access marker 4. A similar condition had been documented during the preceding inspection.,Roof Support,Ground Control,Critical,Yes
A review of conditions at the working panel revealed standing water was observed in the affected section. The condition was minor and required routine attention. The condition was confirmed by direct examination. The affected area covered approximately 40 metres. No comparable deficiency was found in the earlier inspection record.,Water Drainage,Environment,Low,No
The observation represented a critical safety concern with potential for severe consequences; this inspection therefore recorded the emergency response arrangement required improvement at the surface facilities. Field measurements and records were reviewed during the visit. The observation concerned inspection point 9. No comparable deficiency was found in the earlier inspection record.,Emergency Preparedness,Emergency Safety,Critical,No
It was observed that ventilation measurements remained within the required operating range at the working panel. The deficiency was limited and no immediate safety concern was identified.,Ventilation,Safety,Low,No
"During the current visit, the working panel showed ventilation measurements remained within the required operating range. The deficiency was limited and no immediate safety concern was identified.",Ventilation,Safety,Low,No
"It was observed that electrical enclosures were dry and insulation readings were within acceptable limits at the underground distribution area. The arrangement remained largely satisfactory, with only limited improvement required.",Electrical Safety,Electrical,Low,No
"At the working area, protective equipment compliance was inconsistent in the inspected area was recorded during field verification. No immediate operational hazard was evident, although the observation required follow-up. The condition was confirmed by direct examination. The affected area covered approximately 40 metres. A comparable observation from the previous inspection remained unresolved.",Personal Protective Equipment,Safety,Low,Yes
Urgent remedial action was required before normal operations could safely continue; this inspection therefore recorded water spray equipment was inactive during the inspection at the haul road. The affected arrangement was examined under normal working conditions. The affected section was located near access marker 4. Records showed that the same deficiency had been raised earlier.,Dust Suppression,Environment,Critical,Yes
Continued operation without correction could expose personnel to a substantial hazard; this inspection therefore recorded the mine roadway showed poor surface condition and inadequate control measures at the loading area. The observation was supported by available inspection records. Review included 3 relevant components or records. The condition had not been documented during the previous inspection.,Haul Road,Mine Safety,High,No
Inspection records for the service section indicate several cable junction points required corrective attention. The condition presented a significant safety concern requiring priority attention. The affected arrangement was examined under normal working conditions. The affected section was located near access marker 3. No similar condition was identified in the preceding inspection.,Electrical Safety,Electrical,High,No
Field examination of the electrical room showed that moisture and degraded insulation were found around electrical components. Urgent remedial action was required before normal operations could safely continue. Field measurements and records were reviewed during the visit. The observation concerned inspection point 7. A comparable observation from the previous inspection remained unresolved.,Electrical Safety,Electrical,Critical,Yes
"Inspection records for the loading area indicate traffic conditions were affected by deterioration of the transport route. No immediate operational hazard was evident, although the observation required follow-up. The observation was supported by available inspection records. Review included 5 relevant components or records. No comparable deficiency was found in the earlier inspection record.",Haul Road,Mine Safety,Low,No
It was observed that the ventilation arrangement was not providing adequate airflow at the Level -2. Urgent remedial action was required before normal operations could safely continue. The condition was confirmed by direct examination. The affected area covered approximately 40 metres. The condition had not been documented during the previous inspection.,Ventilation,Safety,Critical,No
"The inspection team noted inspection of machinery records revealed gaps in preventive maintenance in the underground section; The arrangement remained largely satisfactory, with only limited improvement required. The observation was supported by available inspection records. Review included 6 relevant components or records. No comparable deficiency was found in the earlier inspection record.",Equipment Maintenance,Equipment Safety,Low,No
It was observed that personnel in the inspected area were using the required protective equipment at the working area. The deficiency was limited and no immediate safety concern was identified.,Personal Protective Equipment,Safety,Low,No
main access route inspection identified the mine roadway showed poor surface condition and inadequate control measures. The observation required corrective attention within the normal maintenance cycle. Operational checks were carried out at the time of inspection. The condition was verified during shift A. The condition had also been reported during the last inspection cycle.,Haul Road,Mine Safety,Medium,Yes
A review of conditions at the primary substation revealed the electrical installation showed signs of moisture-related deterioration. Urgent remedial action was required before normal operations could safely continue. Field measurements and records were reviewed during the visit. The observation concerned inspection point 2. Available records did not indicate an earlier occurrence.,Electrical Safety,Electrical,Critical,No
"At the underground distribution area, insulation readings on selected circuits were below the acceptable level was recorded during field verification. The condition represented a moderate operational concern and required timely attention. The observation was supported by available inspection records. Review included 5 relevant components or records. Available records did not indicate an earlier occurrence.",Electrical Safety,Electrical,Medium,No
The inspection team noted the dust control arrangement was not operating effectively in the working section; The condition represented a moderate operational concern and required timely attention. Field measurements and records were reviewed during the visit. The observation concerned inspection point 3. Available records did not indicate an earlier occurrence.,Dust Suppression,Environment,Medium,No
Inspection records for the conveyor section indicate access to selected firefighting equipment was restricted. Continued operation without correction could expose personnel to a substantial hazard. The affected arrangement was examined under normal working conditions. The affected section was located near access marker 7. The condition had also been reported during the last inspection cycle.,Fire Safety,Safety,High,Yes
"At the maintenance zone, the required safety gear was not being used uniformly was recorded during field verification. The deficiency was serious enough to affect safe mine operations and required prompt intervention. Operational checks were carried out at the time of inspection. The condition was verified during shift C. No similar condition was identified in the preceding inspection.",Personal Protective Equipment,Safety,High,No
It was observed that several workers were not consistently using the required protective equipment at the maintenance zone. The deficiency was serious enough to affect safe mine operations and required prompt intervention. The observation was supported by available inspection records. Review included 2 relevant components or records. A comparable observation from the previous inspection remained unresolved.,Personal Protective Equipment,Safety,High,Yes
Field examination of the transport corridor showed that the roadway surface had potholes and uneven grading. The condition was not immediately critical but could worsen during continued operation. Field measurements and records were reviewed during the visit. The observation concerned inspection point 1. A similar condition had been documented during the preceding inspection.,Haul Road,Mine Safety,Medium,Yes
Field examination of the underground escape route showed that accessibility and readiness of emergency provisions required attention. The observation required corrective attention within the normal maintenance cycle. The observation was supported by available inspection records. Review included 2 relevant components or records. No similar condition was identified in the preceding inspection.,Emergency Preparedness,Emergency Safety,Medium,No
It was observed that the fire protection arrangement did not fully meet the expected readiness level at the diesel bay. Immediate intervention was necessary because the condition presented a serious threat to personnel and operations. The condition was confirmed by direct examination. The affected area covered approximately 40 metres. The condition had also been reported during the last inspection cycle.,Fire Safety,Safety,Critical,Yes
It was observed that drainage channels were partially obstructed at the underground roadway. The deficiency was serious enough to affect safe mine operations and required prompt intervention. The condition was confirmed by direct examination. The affected area covered approximately 40 metres. Earlier inspection records indicated that this issue had occurred before.,Water Drainage,Environment,High,Yes
underground section inspection identified several workers were not consistently using the required protective equipment. Continued operation without correction could expose personnel to a substantial hazard. The affected arrangement was examined under normal working conditions. The affected section was located near access marker 11. This was recorded as a new observation.,Personal Protective Equipment,Safety,High,No
loading area inspection identified road conditions could adversely affect safe movement of mine vehicles. The observation represented a critical safety concern with potential for severe consequences. The observation was supported by available inspection records. Review included 6 relevant components or records. No similar condition was identified in the preceding inspection.,Haul Road,Mine Safety,Critical,No
"During the current visit, the workshop showed firefighting equipment was accessible, inspected, and ready for use. The deficiency was limited and no immediate safety concern was identified.",Fire Safety,Safety,Low,No
"At the electrical area, firefighting equipment was accessible, inspected, and ready for use was recorded during field verification. The deficiency was limited and no immediate safety concern was identified.",Fire Safety,Safety,Low,No
active panel inspection identified structural support components required immediate assessment. The condition was not immediately critical but could worsen during continued operation. The condition was confirmed by direct examination. The affected area covered approximately 40 metres. The condition had also been reported during the last inspection cycle.,Roof Support,Ground Control,Medium,Yes
The deficiency was limited and no immediate safety concern was identified; this inspection therefore recorded emergency response documentation was not fully current at the surface facilities. The observation was supported by available inspection records. Review included 5 relevant components or records. Available records did not indicate an earlier occurrence.,Emergency Preparedness,Emergency Safety,Low,No
"The inspection team noted drainage channels were clear and no significant water accumulation was observed in the underground roadway; The arrangement remained largely satisfactory, with only limited improvement required.",Water Drainage,Environment,Low,No
"During the current visit, the underground working showed structural support components required immediate assessment. The observed condition created a significant operational and safety concern. Operational checks were carried out at the time of inspection. The condition was verified during shift C. The condition had not been documented during the previous inspection.",Roof Support,Ground Control,High,No
Inspection records for the loading point indicate the required safety gear was not being used uniformly. The observed condition created a significant operational and safety concern. The affected arrangement was examined under normal working conditions. The affected section was located near access marker 3. This was recorded as a new observation.,Personal Protective Equipment,Safety,High,No
A review of conditions at the working area revealed the required safety gear was not being used uniformly. Immediate intervention was necessary because the condition presented a serious threat to personnel and operations. The observation was supported by available inspection records. Review included 7 relevant components or records. The condition had not been documented during the previous inspection.,Personal Protective Equipment,Safety,Critical,No
underground section inspection identified scheduled servicing of one or more machines had been delayed. The observed condition created a significant operational and safety concern. Operational checks were carried out at the time of inspection. The condition was verified during shift A. Earlier inspection records indicated that this issue had occurred before.,Equipment Maintenance,Equipment Safety,High,Yes
"Field examination of the emergency assembly point showed that the emergency response arrangement required improvement. If left unattended, the deficiency could affect safe and reliable operation. Operational checks were carried out at the time of inspection. The condition was verified during shift C. Available records did not indicate an earlier occurrence.",Emergency Preparedness,Emergency Safety,Medium,No
Inspection records for the main access route indicate several sections of the vehicle route were uneven and required repair. The observed condition created a significant operational and safety concern. Operational checks were carried out at the time of inspection. The condition was verified during shift A. A similar condition had been documented during the preceding inspection.,Haul Road,Mine Safety,High,Yes
A review of conditions at the working section revealed water spray equipment was inactive during the inspection. The condition presented a significant safety concern requiring priority attention. The condition was confirmed by direct examination. The affected area covered approximately 40 metres. No similar condition was identified in the preceding inspection.,Dust Suppression,Environment,High,No
underground distribution area inspection identified several cable junction points required corrective attention. The condition was not immediately critical but could worsen during continued operation. Operational checks were carried out at the time of inspection. The condition was verified during shift A. Earlier inspection records indicated that this issue had occurred before.,Electrical Safety,Electrical,Medium,Yes
It was observed that degraded electrical protection was observed in the inspected installation at the service section. The condition represented a moderate operational concern and required timely attention. Field measurements and records were reviewed during the visit. The observation concerned inspection point 3. Available records did not indicate an earlier occurrence.,Electrical Safety,Electrical,Medium,No
A review of conditions at the workshop revealed access to selected firefighting equipment was restricted. The condition was assessed as critical because of the immediate potential for a major incident. The affected arrangement was examined under normal working conditions. The affected section was located near access marker 8. The condition had not been documented during the previous inspection.,Fire Safety,Safety,Critical,No
"At the remote face, air velocity was below the required operating level was recorded during field verification. The observation represented a critical safety concern with potential for severe consequences. Field measurements and records were reviewed during the visit. The observation concerned inspection point 9. No comparable deficiency was found in the earlier inspection record.",Ventilation,Safety,Critical,No
"At the working panel, measured airflow remained below the applicable requirement was recorded during field verification. The observation required corrective attention within the normal maintenance cycle. The affected arrangement was examined under normal working conditions. The affected section was located near access marker 6. Available records did not indicate an earlier occurrence.",Ventilation,Safety,Medium,No
Operational verification confirmed structural support components required immediate assessment in the development heading. The condition presented a significant safety concern requiring priority attention. The affected arrangement was examined under normal working conditions. The affected section was located near access marker 3. Available records did not indicate an earlier occurrence.,Roof Support,Ground Control,High,No
The inspection team noted the emergency response arrangement required improvement in the surface facilities; Urgent remedial action was required before normal operations could safely continue. The affected arrangement was examined under normal working conditions. The affected section was located near access marker 4. A comparable observation from the previous inspection remained unresolved.,Emergency Preparedness,Emergency Safety,Critical,Yes
"At the haul road, water spray equipment was inactive during the inspection was recorded during field verification. The condition was assessed as critical because of the immediate potential for a major incident. Field measurements and records were reviewed during the visit. The observation concerned inspection point 6. No comparable deficiency was found in the earlier inspection record.",Dust Suppression,Environment,Critical,No
Operational verification confirmed roof support elements exhibited deterioration requiring closer attention in the development heading. The condition was not immediately critical but could worsen during continued operation. The affected arrangement was examined under normal working conditions. The affected section was located near access marker 6. This was recorded as a new observation.,Roof Support,Ground Control,Medium,No
Inspection records for the workshop indicate some fire safety equipment required inspection and servicing. The condition represented a moderate operational concern and required timely attention. The condition was confirmed by direct examination. The affected area covered approximately 40 metres. This was recorded as a new observation.,Fire Safety,Safety,Medium,No
The inspection team noted road conditions could adversely affect safe movement of mine vehicles in the loading area; The condition was not immediately critical but could worsen during continued operation. Operational checks were carried out at the time of inspection. The condition was verified during shift C. No comparable deficiency was found in the earlier inspection record.,Haul Road,Mine Safety,Medium,No
Inspection records for the underground section indicate inspection of machinery records revealed gaps in preventive maintenance. Continued operation without correction could expose personnel to a substantial hazard. Field measurements and records were reviewed during the visit. The observation concerned inspection point 1. A comparable observation from the previous inspection remained unresolved.,Equipment Maintenance,Equipment Safety,High,Yes
"During the current visit, the working panel showed water accumulation indicated inadequate drainage performance. Urgent remedial action was required before normal operations could safely continue. Field measurements and records were reviewed during the visit. The observation concerned inspection point 2. No comparable deficiency was found in the earlier inspection record.",Water Drainage,Environment,Critical,No
"At the mechanical workshop, maintenance documentation for operational machinery was incomplete was recorded during field verification. The condition was not immediately critical but could worsen during continued operation. Operational checks were carried out at the time of inspection. The condition was verified during shift C. The condition had not been documented during the previous inspection.",Equipment Maintenance,Equipment Safety,Medium,No
"No immediate operational hazard was evident, although the observation required follow-up; this inspection therefore recorded dust mitigation measures were not consistently available at the haul road. The observation was supported by available inspection records. Review included 3 relevant components or records. The condition had not been documented during the previous inspection.",Dust Suppression,Environment,Low,No
"The inspection team noted the electrical installation showed signs of moisture-related deterioration in the underground distribution area; No immediate operational hazard was evident, although the observation required follow-up. The condition was confirmed by direct examination. The affected area covered approximately 40 metres. No similar condition was identified in the preceding inspection.",Electrical Safety,Electrical,Low,No
Inspection records for the underground distribution area indicate the electrical installation showed signs of moisture-related deterioration. Urgent remedial action was required before normal operations could safely continue. The affected arrangement was examined under normal working conditions. The affected section was located near access marker 4. The condition had also been reported during the last inspection cycle.,Electrical Safety,Electrical,Critical,Yes
"At the diesel bay, inspection identified gaps in the readiness of fire protection equipment was recorded during field verification. The deficiency was serious enough to affect safe mine operations and required prompt intervention. Field measurements and records were reviewed during the visit. The observation concerned inspection point 8. No similar condition was identified in the preceding inspection.",Fire Safety,Safety,High,No
"At the Level -2, the remote face was receiving insufficient fresh air was recorded during field verification. The deficiency was serious enough to affect safe mine operations and required prompt intervention. The condition was confirmed by direct examination. The affected area covered approximately 40 metres. This was recorded as a new observation.",Ventilation,Safety,High,No
It was observed that roof support elements exhibited deterioration requiring closer attention at the active panel. The observation represented a critical safety concern with potential for severe consequences. The affected arrangement was examined under normal working conditions. The affected section was located near access marker 12. No comparable deficiency was found in the earlier inspection record.,Roof Support,Ground Control,Critical,No
The deficiency was limited and no immediate safety concern was identified; this inspection therefore recorded firefighting provisions were incomplete or not readily available at the workshop. The observation was supported by available inspection records. Review included 6 relevant components or records. The condition had not been documented during the previous inspection.,Fire Safety,Safety,Low,No
"Inspection records for the underground section indicate scheduled servicing of one or more machines had been delayed. The arrangement remained largely satisfactory, with only limited improvement required. Operational checks were carried out at the time of inspection. The condition was verified during shift C. Available records did not indicate an earlier occurrence.",Equipment Maintenance,Equipment Safety,Low,No
"Operational verification confirmed installed roof supports were intact and showed no material loss of integrity in the underground working. No immediate operational hazard was evident, although the observation required follow-up.",Roof Support,Ground Control,Low,No
"At the underground section, measured airflow remained below the applicable requirement was recorded during field verification. The observation required corrective attention within the normal maintenance cycle. Field measurements and records were reviewed during the visit. The observation concerned inspection point 5. This was recorded as a new observation.",Ventilation,Safety,Medium,No
"At the underground roadway, the sump and drainage arrangement required cleaning and maintenance was recorded during field verification. The observation represented a critical safety concern with potential for severe consequences. Operational checks were carried out at the time of inspection. The condition was verified during shift C. No comparable deficiency was found in the earlier inspection record.",Water Drainage,Environment,Critical,No
It was observed that accessibility and readiness of emergency provisions required attention at the underground escape route. The condition was minor and required routine attention. The condition was confirmed by direct examination. The affected area covered approximately 40 metres. Records showed that the same deficiency had been raised earlier.,Emergency Preparedness,Emergency Safety,Low,Yes
"It was observed that some personnel were observed without complete prescribed PPE at the maintenance zone. No immediate operational hazard was evident, although the observation required follow-up. The observation was supported by available inspection records. Review included 5 relevant components or records. Available records did not indicate an earlier occurrence.",Personal Protective Equipment,Safety,Low,No
Operational verification confirmed the sump and drainage arrangement required cleaning and maintenance in the working panel. The condition represented a moderate operational concern and required timely attention. The affected arrangement was examined under normal working conditions. The affected section was located near access marker 6. No similar condition was identified in the preceding inspection.,Water Drainage,Environment,Medium,No
Field examination of the working panel showed that air velocity was below the required operating level. The condition presented a significant safety concern requiring priority attention. The condition was confirmed by direct examination. The affected area covered approximately 40 metres. No similar condition was identified in the preceding inspection.,Ventilation,Safety,High,No
A review of conditions at the underground section revealed air circulation had deteriorated beyond the acceptable limit. The condition was assessed as critical because of the immediate potential for a major incident. Field measurements and records were reviewed during the visit. The observation concerned inspection point 2. No comparable deficiency was found in the earlier inspection record.,Ventilation,Safety,Critical,No
surface facilities inspection identified the inspected response facilities showed gaps in readiness. The condition represented a moderate operational concern and required timely attention. The condition was confirmed by direct examination. The affected area covered approximately 40 metres. Available records did not indicate an earlier occurrence.,Emergency Preparedness,Emergency Safety,Medium,No
"At the loading area, water spray equipment was inactive during the inspection was recorded during field verification. No immediate operational hazard was evident, although the observation required follow-up. The condition was confirmed by direct examination. The affected area covered approximately 40 metres. No comparable deficiency was found in the earlier inspection record.",Dust Suppression,Environment,Low,No
"It was observed that air velocity was below the required operating level at the working panel. If left unattended, the deficiency could affect safe and reliable operation. Field measurements and records were reviewed during the visit. The observation concerned inspection point 3. No comparable deficiency was found in the earlier inspection record.",Ventilation,Safety,Medium,No
"Level -2 inspection identified the remote face was receiving insufficient fresh air. If left unattended, the deficiency could affect safe and reliable operation. The observation was supported by available inspection records. Review included 8 relevant components or records. No similar condition was identified in the preceding inspection.",Ventilation,Safety,Medium,No
"No immediate operational hazard was evident, although the observation required follow-up; this inspection therefore recorded installed roof supports were intact and showed no material loss of integrity at the development heading.",Roof Support,Ground Control,Low,No
The inspection team noted the roadway surface was properly graded and traffic controls were functioning in the transport corridor; The condition was minor and required routine attention.,Haul Road,Mine Safety,Low,No
"At the development heading, multiple support bolts displayed signs of weakening was recorded during field verification. The deficiency was serious enough to affect safe mine operations and required prompt intervention. Field measurements and records were reviewed during the visit. The observation concerned inspection point 8. The condition had not been documented during the previous inspection.",Roof Support,Ground Control,High,No
Field examination of the underground section showed that maintenance intervals had not been consistently observed. Urgent remedial action was required before normal operations could safely continue. Field measurements and records were reviewed during the visit. The observation concerned inspection point 7. Earlier inspection records indicated that this issue had occurred before.,Equipment Maintenance,Equipment Safety,Critical,Yes
working section inspection identified the suppression system was providing inadequate dust reduction. The condition was assessed as critical because of the immediate potential for a major incident. The observation was supported by available inspection records. Review included 8 relevant components or records. A similar condition had been documented during the preceding inspection.,Dust Suppression,Environment,Critical,Yes
A review of conditions at the surface approach revealed the sump and drainage arrangement required cleaning and maintenance. The condition was assessed as critical because of the immediate potential for a major incident. The observation was supported by available inspection records. Review included 6 relevant components or records. Available records did not indicate an earlier occurrence.,Water Drainage,Environment,Critical,No
Inspection records for the working panel indicate the sump and drainage arrangement required cleaning and maintenance. The condition was not immediately critical but could worsen during continued operation. The observation was supported by available inspection records. Review included 5 relevant components or records. The condition had not been documented during the previous inspection.,Water Drainage,Environment,Medium,No
Field examination of the working panel showed that the sump and drainage arrangement required cleaning and maintenance. The observation required corrective attention within the normal maintenance cycle. The condition was confirmed by direct examination. The affected area covered approximately 40 metres. Available records did not indicate an earlier occurrence.,Water Drainage,Environment,Medium,No
"During the current visit, the equipment bay showed maintenance intervals had not been consistently observed. The condition was not immediately critical but could worsen during continued operation. The observation was supported by available inspection records. Review included 3 relevant components or records. Records showed that the same deficiency had been raised earlier.",Equipment Maintenance,Equipment Safety,Medium,Yes
"At the diesel bay, inspection identified gaps in the readiness of fire protection equipment was recorded during field verification. The condition was not immediately critical but could worsen during continued operation. The observation was supported by available inspection records. Review included 2 relevant components or records. No similar condition was identified in the preceding inspection.",Fire Safety,Safety,Medium,No
"During the current visit, the working panel showed inspection of machinery records revealed gaps in preventive maintenance. The arrangement remained largely satisfactory, with only limited improvement required. Field measurements and records were reviewed during the visit. The observation concerned inspection point 5. This was recorded as a new observation.",Equipment Maintenance,Equipment Safety,Low,No
The condition represented a moderate operational concern and required timely attention; this inspection therefore recorded water accumulation indicated inadequate drainage performance at the underground roadway. Field measurements and records were reviewed during the visit. The observation concerned inspection point 1. A comparable observation from the previous inspection remained unresolved.,Water Drainage,Environment,Medium,Yes
Field examination of the development heading showed that roof support elements exhibited deterioration requiring closer attention. The deficiency was limited and no immediate safety concern was identified. Operational checks were carried out at the time of inspection. The condition was verified during shift B. No comparable deficiency was found in the earlier inspection record.,Roof Support,Ground Control,Low,No
The observation represented a critical safety concern with potential for severe consequences; this inspection therefore recorded air circulation had deteriorated beyond the acceptable limit at the remote face. Operational checks were carried out at the time of inspection. The condition was verified during shift C. No similar condition was identified in the preceding inspection.,Ventilation,Safety,Critical,No
"A review of conditions at the underground working revealed structural support components required immediate assessment. The arrangement remained largely satisfactory, with only limited improvement required. Operational checks were carried out at the time of inspection. The condition was verified during shift B. The condition had not been documented during the previous inspection.",Roof Support,Ground Control,Low,No
A review of conditions at the maintenance zone revealed the required safety gear was not being used uniformly. Immediate intervention was necessary because the condition presented a serious threat to personnel and operations. The affected arrangement was examined under normal working conditions. The affected section was located near access marker 4. Earlier inspection records indicated that this issue had occurred before.,Personal Protective Equipment,Safety,Critical,Yes
Operational verification confirmed road conditions could adversely affect safe movement of mine vehicles in the transport corridor. Urgent remedial action was required before normal operations could safely continue. Operational checks were carried out at the time of inspection. The condition was verified during shift C. Available records did not indicate an earlier occurrence.,Haul Road,Mine Safety,Critical,No
"During the current visit, the loading area showed airborne dust control in the affected area required improvement. Continued operation without correction could expose personnel to a substantial hazard. Operational checks were carried out at the time of inspection. The condition was verified during shift C. The condition had not been documented during the previous inspection.",Dust Suppression,Environment,High,No
Operational verification confirmed the inspected response facilities showed gaps in readiness in the emergency assembly point. The condition represented a moderate operational concern and required timely attention. Operational checks were carried out at the time of inspection. The condition was verified during shift A. Earlier inspection records indicated that this issue had occurred before.,Emergency Preparedness,Emergency Safety,Medium,Yes
"It was observed that firefighting equipment was accessible, inspected, and ready for use at the workshop. No immediate operational hazard was evident, although the observation required follow-up.",Fire Safety,Safety,Low,No
"Operational verification confirmed the sump and drainage arrangement required cleaning and maintenance in the underground roadway. If left unattended, the deficiency could affect safe and reliable operation. Field measurements and records were reviewed during the visit. The observation concerned inspection point 3. No similar condition was identified in the preceding inspection.",Water Drainage,Environment,Medium,No
Operational verification confirmed moisture and degraded insulation were found around electrical components in the service section. Urgent remedial action was required before normal operations could safely continue. The condition was confirmed by direct examination. The affected area covered approximately 40 metres. No comparable deficiency was found in the earlier inspection record.,Electrical Safety,Electrical,Critical,No
The inspection team noted dust mitigation measures were not consistently available in the haul road; The condition was not immediately critical but could worsen during continued operation. The observation was supported by available inspection records. Review included 5 relevant components or records. No comparable deficiency was found in the earlier inspection record.,Dust Suppression,Environment,Medium,No
Immediate intervention was necessary because the condition presented a serious threat to personnel and operations; this inspection therefore recorded the roadway surface had potholes and uneven grading at the transport corridor. Field measurements and records were reviewed during the visit. The observation concerned inspection point 2. This was recorded as a new observation.,Haul Road,Mine Safety,Critical,No
It was observed that brake and service records for the equipment were not fully available at the underground section. The condition was not immediately critical but could worsen during continued operation. The observation was supported by available inspection records. Review included 2 relevant components or records. No comparable deficiency was found in the earlier inspection record.,Equipment Maintenance,Equipment Safety,Medium,No
"At the surface section, the roadway surface was properly graded and traffic controls were functioning was recorded during field verification. The condition was minor and required routine attention.",Haul Road,Mine Safety,Low,No
"A review of conditions at the workshop revealed access to selected firefighting equipment was restricted. No immediate operational hazard was evident, although the observation required follow-up. Field measurements and records were reviewed during the visit. The observation concerned inspection point 7. A comparable observation from the previous inspection remained unresolved.",Fire Safety,Safety,Low,Yes
Field examination of the conveyor section showed that inspection identified gaps in the readiness of fire protection equipment. The condition was assessed as critical because of the immediate potential for a major incident. The affected arrangement was examined under normal working conditions. The affected section was located near access marker 8. No similar condition was identified in the preceding inspection.,Fire Safety,Safety,Critical,No
"Operational verification confirmed maintenance documentation for operational machinery was incomplete in the underground section. If left unattended, the deficiency could affect safe and reliable operation. Operational checks were carried out at the time of inspection. The condition was verified during shift B. No similar condition was identified in the preceding inspection.",Equipment Maintenance,Equipment Safety,Medium,No
It was observed that water accumulation indicated inadequate drainage performance at the surface approach. The condition was assessed as critical because of the immediate potential for a major incident. The observation was supported by available inspection records. Review included 8 relevant components or records. A similar condition had been documented during the preceding inspection.,Water Drainage,Environment,Critical,Yes
Operational verification confirmed maintenance documentation for operational machinery was incomplete in the underground section. The observed condition created a significant operational and safety concern. Operational checks were carried out at the time of inspection. The condition was verified during shift C. The condition had not been documented during the previous inspection.,Equipment Maintenance,Equipment Safety,High,No
"It was observed that the fire protection arrangement did not fully meet the expected readiness level at the workshop. The arrangement remained largely satisfactory, with only limited improvement required. Operational checks were carried out at the time of inspection. The condition was verified during shift C. The condition had not been documented during the previous inspection.",Fire Safety,Safety,Low,No
Field examination of the service section showed that insulation readings on selected circuits were below the acceptable level. The condition was minor and required routine attention. The affected arrangement was examined under normal working conditions. The affected section was located near access marker 1. Earlier inspection records indicated that this issue had occurred before.,Electrical Safety,Electrical,Low,Yes
The inspection team noted degraded electrical protection was observed in the inspected installation in the service section; The observation required corrective attention within the normal maintenance cycle. The condition was confirmed by direct examination. The affected area covered approximately 40 metres. The condition had also been reported during the last inspection cycle.,Electrical Safety,Electrical,Medium,Yes
"At the underground section, maintenance intervals had not been consistently observed was recorded during field verification. The observation required corrective attention within the normal maintenance cycle. Operational checks were carried out at the time of inspection. The condition was verified during shift A. The condition had also been reported during the last inspection cycle.",Equipment Maintenance,Equipment Safety,Medium,Yes
Inspection records for the service section indicate several cable junction points required corrective attention. The condition was assessed as critical because of the immediate potential for a major incident. The condition was confirmed by direct examination. The affected area covered approximately 40 metres. The condition had also been reported during the last inspection cycle.,Electrical Safety,Electrical,Critical,Yes
A review of conditions at the active panel revealed roof support elements exhibited deterioration requiring closer attention. The condition represented a moderate operational concern and required timely attention. Field measurements and records were reviewed during the visit. The observation concerned inspection point 3. The condition had not been documented during the previous inspection.,Roof Support,Ground Control,Medium,No
A review of conditions at the remote face revealed air velocity was below the required operating level. The condition was not immediately critical but could worsen during continued operation. The condition was confirmed by direct examination. The affected area covered approximately 40 metres. A similar condition had been documented during the preceding inspection.,Ventilation,Safety,Medium,Yes
A review of conditions at the Level -2 revealed the remote face was receiving insufficient fresh air. The observation required corrective attention within the normal maintenance cycle. Operational checks were carried out at the time of inspection. The condition was verified during shift B. No similar condition was identified in the preceding inspection.,Ventilation,Safety,Medium,No
It was observed that the dust control arrangement was not operating effectively at the working section. The condition was minor and required routine attention. Operational checks were carried out at the time of inspection. The condition was verified during shift C. No comparable deficiency was found in the earlier inspection record.,Dust Suppression,Environment,Low,No
"Inspection records for the surface section indicate the roadway surface was properly graded and traffic controls were functioning. The arrangement remained largely satisfactory, with only limited improvement required.",Haul Road,Mine Safety,Low,No
"The arrangement remained largely satisfactory, with only limited improvement required; this inspection therefore recorded airborne dust control in the affected area required improvement at the loading area. The condition was confirmed by direct examination. The affected area covered approximately 40 metres. Records showed that the same deficiency had been raised earlier.",Dust Suppression,Environment,Low,Yes
"At the diesel bay, inspection identified gaps in the readiness of fire protection equipment was recorded during field verification. The condition was assessed as critical because of the immediate potential for a major incident. The observation was supported by available inspection records. Review included 8 relevant components or records. The condition had also been reported during the last inspection cycle.",Fire Safety,Safety,Critical,Yes
"Inspection records for the working section indicate the dust suppression arrangement was functioning effectively during operations. The arrangement remained largely satisfactory, with only limited improvement required.",Dust Suppression,Environment,Low,No
working section inspection identified dust mitigation measures were not consistently available. The condition was minor and required routine attention. The observation was supported by available inspection records. Review included 4 relevant components or records. Earlier inspection records indicated that this issue had occurred before.,Dust Suppression,Environment,Low,Yes
Field examination of the electrical room showed that insulation readings on selected circuits were below the acceptable level. The condition was not immediately critical but could worsen during continued operation. Field measurements and records were reviewed during the visit. The observation concerned inspection point 1. The condition had also been reported during the last inspection cycle.,Electrical Safety,Electrical,Medium,Yes
"At the working area, availability and use of protective gear required improvement was recorded during field verification. The condition was assessed as critical because of the immediate potential for a major incident. The observation was supported by available inspection records. Review included 8 relevant components or records. The condition had also been reported during the last inspection cycle.",Personal Protective Equipment,Safety,Critical,Yes
electrical area inspection identified inspection identified gaps in the readiness of fire protection equipment. The observation represented a critical safety concern with potential for severe consequences. Field measurements and records were reviewed during the visit. The observation concerned inspection point 2. No similar condition was identified in the preceding inspection.,Fire Safety,Safety,Critical,No
The condition was assessed as critical because of the immediate potential for a major incident; this inspection therefore recorded multiple support bolts displayed signs of weakening at the coal face. The condition was confirmed by direct examination. The affected area covered approximately 40 metres. Available records did not indicate an earlier occurrence.,Roof Support,Ground Control,Critical,No
working area inspection identified the required safety gear was not being used uniformly. The condition represented a moderate operational concern and required timely attention. The affected arrangement was examined under normal working conditions. The affected section was located near access marker 6. No comparable deficiency was found in the earlier inspection record.,Personal Protective Equipment,Safety,Medium,No
"A review of conditions at the underground working revealed the installed roof support system showed measurable loss of condition. The arrangement remained largely satisfactory, with only limited improvement required. Operational checks were carried out at the time of inspection. The condition was verified during shift A. A comparable observation from the previous inspection remained unresolved.",Roof Support,Ground Control,Low,Yes
diesel bay inspection identified firefighting provisions were incomplete or not readily available. The condition presented a significant safety concern requiring priority attention. The condition was confirmed by direct examination. The affected area covered approximately 40 metres. No similar condition was identified in the preceding inspection.,Fire Safety,Safety,High,No
Field examination of the main access route showed that road conditions could adversely affect safe movement of mine vehicles. Continued operation without correction could expose personnel to a substantial hazard. The affected arrangement was examined under normal working conditions. The affected section was located near access marker 3. This was recorded as a new observation.,Haul Road,Mine Safety,High,No
Operational verification confirmed maintenance intervals had not been consistently observed in the mechanical workshop. The condition was not immediately critical but could worsen during continued operation. Operational checks were carried out at the time of inspection. The condition was verified during shift A. Earlier inspection records indicated that this issue had occurred before.,Equipment Maintenance,Equipment Safety,Medium,Yes
workshop inspection identified the fire protection arrangement did not fully meet the expected readiness level. The deficiency was limited and no immediate safety concern was identified. Operational checks were carried out at the time of inspection. The condition was verified during shift B. No comparable deficiency was found in the earlier inspection record.,Fire Safety,Safety,Low,No
The inspection team noted dust mitigation measures were not consistently available in the loading area; The condition presented a significant safety concern requiring priority attention. The observation was supported by available inspection records. Review included 7 relevant components or records. Available records did not indicate an earlier occurrence.,Dust Suppression,Environment,High,No
"It was observed that air circulation had deteriorated beyond the acceptable limit at the remote face. No immediate operational hazard was evident, although the observation required follow-up. Field measurements and records were reviewed during the visit. The observation concerned inspection point 9. No similar condition was identified in the preceding inspection.",Ventilation,Safety,Low,No
"A review of conditions at the loading area revealed the roadway surface had potholes and uneven grading. If left unattended, the deficiency could affect safe and reliable operation. The observation was supported by available inspection records. Review included 3 relevant components or records. Earlier inspection records indicated that this issue had occurred before.",Haul Road,Mine Safety,Medium,Yes
The deficiency was serious enough to affect safe mine operations and required prompt intervention; this inspection therefore recorded water removal from the working area was slower than expected at the low-lying section. The affected arrangement was examined under normal working conditions. The affected section was located near access marker 7. A similar condition had been documented during the preceding inspection.,Water Drainage,Environment,High,Yes
"Inspection records for the underground roadway indicate water accumulation indicated inadequate drainage performance. If left unattended, the deficiency could affect safe and reliable operation. Operational checks were carried out at the time of inspection. The condition was verified during shift A. Records showed that the same deficiency had been raised earlier.",Water Drainage,Environment,Medium,Yes
loading area inspection identified traffic conditions were affected by deterioration of the transport route. Immediate intervention was necessary because the condition presented a serious threat to personnel and operations. The affected arrangement was examined under normal working conditions. The affected section was located near access marker 4. Earlier inspection records indicated that this issue had occurred before.,Haul Road,Mine Safety,Critical,Yes
Continued operation without correction could expose personnel to a substantial hazard; this inspection therefore recorded accessibility and readiness of emergency provisions required attention at the rescue station. The observation was supported by available inspection records. Review included 3 relevant components or records. This was recorded as a new observation.,Emergency Preparedness,Emergency Safety,High,No
The inspection team noted the fire protection arrangement did not fully meet the expected readiness level in the diesel bay; The observation required corrective attention within the normal maintenance cycle. The affected arrangement was examined under normal working conditions. The affected section was located near access marker 6. No comparable deficiency was found in the earlier inspection record.,Fire Safety,Safety,Medium,No
A review of conditions at the underground distribution area revealed insulation readings on selected circuits were below the acceptable level. The deficiency was limited and no immediate safety concern was identified. The observation was supported by available inspection records. Review included 6 relevant components or records. Available records did not indicate an earlier occurrence.,Electrical Safety,Electrical,Low,No
The inspection team noted several cable junction points required corrective attention in the electrical room; Urgent remedial action was required before normal operations could safely continue. Operational checks were carried out at the time of inspection. The condition was verified during shift A. A comparable observation from the previous inspection remained unresolved.,Electrical Safety,Electrical,Critical,Yes
It was observed that scheduled servicing of one or more machines had been delayed at the equipment bay. Immediate intervention was necessary because the condition presented a serious threat to personnel and operations. The condition was confirmed by direct examination. The affected area covered approximately 40 metres. No similar condition was identified in the preceding inspection.,Equipment Maintenance,Equipment Safety,Critical,No
Inspection records for the working panel indicate water accumulation indicated inadequate drainage performance. The observation represented a critical safety concern with potential for severe consequences. The affected arrangement was examined under normal working conditions. The affected section was located near access marker 4. A similar condition had been documented during the preceding inspection.,Water Drainage,Environment,Critical,Yes
A review of conditions at the active panel revealed roof support elements exhibited deterioration requiring closer attention. The deficiency was serious enough to affect safe mine operations and required prompt intervention. Operational checks were carried out at the time of inspection. The condition was verified during shift A. The condition had also been reported during the last inspection cycle.,Roof Support,Ground Control,High,Yes
"During the current visit, the surface facilities showed emergency response documentation was not fully current. The condition was assessed as critical because of the immediate potential for a major incident. The condition was confirmed by direct examination. The affected area covered approximately 40 metres. Earlier inspection records indicated that this issue had occurred before.",Emergency Preparedness,Emergency Safety,Critical,Yes
"The inspection team noted some fire safety equipment required inspection and servicing in the conveyor section; No immediate operational hazard was evident, although the observation required follow-up. The affected arrangement was examined under normal working conditions. The affected section was located near access marker 5. Available records did not indicate an earlier occurrence.",Fire Safety,Safety,Low,No
"At the diesel bay, inspection identified gaps in the readiness of fire protection equipment was recorded during field verification. If left unattended, the deficiency could affect safe and reliable operation. Field measurements and records were reviewed during the visit. The observation concerned inspection point 3. No comparable deficiency was found in the earlier inspection record.",Fire Safety,Safety,Medium,No
working section inspection identified the dust control arrangement was not operating effectively. The observed condition created a significant operational and safety concern. The affected arrangement was examined under normal working conditions. The affected section was located near access marker 11. Available records did not indicate an earlier occurrence.,Dust Suppression,Environment,High,No
Operational verification confirmed some emergency preparedness records and arrangements were incomplete in the underground escape route. Continued operation without correction could expose personnel to a substantial hazard. Field measurements and records were reviewed during the visit. The observation concerned inspection point 1. A similar condition had been documented during the preceding inspection.,Emergency Preparedness,Emergency Safety,High,Yes
It was observed that maintenance records were current and scheduled servicing had been completed at the underground section. The condition was minor and required routine attention.,Equipment Maintenance,Equipment Safety,Low,No
Field examination of the diesel bay showed that access to selected firefighting equipment was restricted. The deficiency was limited and no immediate safety concern was identified. Field measurements and records were reviewed during the visit. The observation concerned inspection point 3. No comparable deficiency was found in the earlier inspection record.,Fire Safety,Safety,Low,No
Operational verification confirmed firefighting provisions were incomplete or not readily available in the diesel bay. Immediate intervention was necessary because the condition presented a serious threat to personnel and operations. Field measurements and records were reviewed during the visit. The observation concerned inspection point 6. No similar condition was identified in the preceding inspection.,Fire Safety,Safety,Critical,No
"At the loading point, some personnel were observed without complete prescribed PPE was recorded during field verification. The deficiency was limited and no immediate safety concern was identified. Operational checks were carried out at the time of inspection. The condition was verified during shift B. The condition had not been documented during the previous inspection.",Personal Protective Equipment,Safety,Low,No
Field examination of the primary substation showed that insulation readings on selected circuits were below the acceptable level. The condition was assessed as critical because of the immediate potential for a major incident. The affected arrangement was examined under normal working conditions. The affected section was located near access marker 12. This was recorded as a new observation.,Electrical Safety,Electrical,Critical,No
Inspection records for the coal face indicate multiple support bolts displayed signs of weakening. The condition was minor and required routine attention. The affected arrangement was examined under normal working conditions. The affected section was located near access marker 1. The condition had also been reported during the last inspection cycle.,Roof Support,Ground Control,Low,Yes
The observation required corrective attention within the normal maintenance cycle; this inspection therefore recorded road conditions could adversely affect safe movement of mine vehicles at the main access route. The condition was confirmed by direct examination. The affected area covered approximately 40 metres. The condition had also been reported during the last inspection cycle.,Haul Road,Mine Safety,Medium,Yes
remote face inspection identified air circulation had deteriorated beyond the acceptable limit. The deficiency was limited and no immediate safety concern was identified. Field measurements and records were reviewed during the visit. The observation concerned inspection point 3. No similar condition was identified in the preceding inspection.,Ventilation,Safety,Low,No
"No immediate operational hazard was evident, although the observation required follow-up; this inspection therefore recorded several cable junction points required corrective attention at the underground distribution area. The observation was supported by available inspection records. Review included 5 relevant components or records. Available records did not indicate an earlier occurrence.",Electrical Safety,Electrical,Low,No
Operational verification confirmed maintenance intervals had not been consistently observed in the working panel. Immediate intervention was necessary because the condition presented a serious threat to personnel and operations. Operational checks were carried out at the time of inspection. The condition was verified during shift A. A comparable observation from the previous inspection remained unresolved.,Equipment Maintenance,Equipment Safety,Critical,Yes
"If left unattended, the deficiency could affect safe and reliable operation; this inspection therefore recorded several workers were not consistently using the required protective equipment at the underground section. The affected arrangement was examined under normal working conditions. The affected section was located near access marker 6. Available records did not indicate an earlier occurrence.",Personal Protective Equipment,Safety,Medium,No
"During the current visit, the rescue station showed accessibility and readiness of emergency provisions required attention. The deficiency was serious enough to affect safe mine operations and required prompt intervention. Field measurements and records were reviewed during the visit. The observation concerned inspection point 8. No comparable deficiency was found in the earlier inspection record.",Emergency Preparedness,Emergency Safety,High,No
The inspection team noted some emergency preparedness records and arrangements were incomplete in the emergency assembly point; The observation required corrective attention within the normal maintenance cycle. Operational checks were carried out at the time of inspection. The condition was verified during shift B. This was recorded as a new observation.,Emergency Preparedness,Emergency Safety,Medium,No
"At the service section, moisture and degraded insulation were found around electrical components was recorded during field verification. The arrangement remained largely satisfactory, with only limited improvement required. Operational checks were carried out at the time of inspection. The condition was verified during shift C. Available records did not indicate an earlier occurrence.",Electrical Safety,Electrical,Low,No
"Inspection records for the electrical room indicate the electrical installation showed signs of moisture-related deterioration. If left unattended, the deficiency could affect safe and reliable operation. The affected arrangement was examined under normal working conditions. The affected section was located near access marker 10. Records showed that the same deficiency had been raised earlier.",Electrical Safety,Electrical,Medium,Yes
It was observed that inspection of machinery records revealed gaps in preventive maintenance at the working panel. The deficiency was serious enough to affect safe mine operations and required prompt intervention. The condition was confirmed by direct examination. The affected area covered approximately 40 metres. A similar condition had been documented during the preceding inspection.,Equipment Maintenance,Equipment Safety,High,Yes
primary substation inspection identified several cable junction points required corrective attention. The deficiency was serious enough to affect safe mine operations and required prompt intervention. The observation was supported by available inspection records. Review included 2 relevant components or records. A comparable observation from the previous inspection remained unresolved.,Electrical Safety,Electrical,High,Yes
"During the current visit, the surface approach showed water accumulation indicated inadequate drainage performance. The deficiency was serious enough to affect safe mine operations and required prompt intervention. The observation was supported by available inspection records. Review included 8 relevant components or records. This was recorded as a new observation.",Water Drainage,Environment,High,No
"surface section inspection identified road conditions could adversely affect safe movement of mine vehicles. No immediate operational hazard was evident, although the observation required follow-up. Field measurements and records were reviewed during the visit. The observation concerned inspection point 7. A comparable observation from the previous inspection remained unresolved.",Haul Road,Mine Safety,Low,Yes
"At the working panel, the remote face was receiving insufficient fresh air was recorded during field verification. The observed condition created a significant operational and safety concern. Operational checks were carried out at the time of inspection. The condition was verified during shift C. No comparable deficiency was found in the earlier inspection record.",Ventilation,Safety,High,No
Field examination of the diesel bay showed that the fire protection arrangement did not fully meet the expected readiness level. The condition was minor and required routine attention. The affected arrangement was examined under normal working conditions. The affected section was located near access marker 9. Available records did not indicate an earlier occurrence.,Fire Safety,Safety,Low,No
It was observed that several workers were not consistently using the required protective equipment at the maintenance zone. Immediate intervention was necessary because the condition presented a serious threat to personnel and operations. The affected arrangement was examined under normal working conditions. The affected section was located near access marker 12. No similar condition was identified in the preceding inspection.,Personal Protective Equipment,Safety,Critical,No
It was observed that several sections of the vehicle route were uneven and required repair at the main access route. The observation represented a critical safety concern with potential for severe consequences. The observation was supported by available inspection records. Review included 5 relevant components or records. A comparable observation from the previous inspection remained unresolved.,Haul Road,Mine Safety,Critical,Yes
"At the equipment bay, maintenance intervals had not been consistently observed was recorded during field verification. The deficiency was limited and no immediate safety concern was identified. Field measurements and records were reviewed during the visit. The observation concerned inspection point 7. A similar condition had been documented during the preceding inspection.",Equipment Maintenance,Equipment Safety,Low,Yes
Field examination of the loading area showed that the suppression system was providing inadequate dust reduction. The observation represented a critical safety concern with potential for severe consequences. The condition was confirmed by direct examination. The affected area covered approximately 40 metres. No comparable deficiency was found in the earlier inspection record.,Dust Suppression,Environment,Critical,No
mechanical workshop inspection identified brake and service records for the equipment were not fully available. The deficiency was limited and no immediate safety concern was identified. Field measurements and records were reviewed during the visit. The observation concerned inspection point 3. No comparable deficiency was found in the earlier inspection record.,Equipment Maintenance,Equipment Safety,Low,No
Operational verification confirmed measured airflow remained below the applicable requirement in the working panel. The condition represented a moderate operational concern and required timely attention. The condition was confirmed by direct examination. The affected area covered approximately 40 metres. The condition had not been documented during the previous inspection.,Ventilation,Safety,Medium,No
It was observed that the installed roof support system showed measurable loss of condition at the underground working. Immediate intervention was necessary because the condition presented a serious threat to personnel and operations. The observation was supported by available inspection records. Review included 6 relevant components or records. No similar condition was identified in the preceding inspection.,Roof Support,Ground Control,Critical,No
"Operational verification confirmed drainage channels were clear and no significant water accumulation was observed in the underground roadway. No immediate operational hazard was evident, although the observation required follow-up.",Water Drainage,Environment,Low,No
"During the current visit, the active panel showed installed roof supports were intact and showed no material loss of integrity. The deficiency was limited and no immediate safety concern was identified.",Roof Support,Ground Control,Low,No
loading area inspection identified the roadway surface was properly graded and traffic controls were functioning. The deficiency was limited and no immediate safety concern was identified.,Haul Road,Mine Safety,Low,No
The inspection team noted air circulation had deteriorated beyond the acceptable limit in the underground section; The deficiency was limited and no immediate safety concern was identified. Operational checks were carried out at the time of inspection. The condition was verified during shift A. Records showed that the same deficiency had been raised earlier.,Ventilation,Safety,Low,Yes
surface facilities inspection identified some emergency preparedness records and arrangements were incomplete. The condition represented a moderate operational concern and required timely attention. The condition was confirmed by direct examination. The affected area covered approximately 40 metres. Earlier inspection records indicated that this issue had occurred before.,Emergency Preparedness,Emergency Safety,Medium,Yes
Urgent remedial action was required before normal operations could safely continue; this inspection therefore recorded some personnel were observed without complete prescribed PPE at the loading point. The affected arrangement was examined under normal working conditions. The affected section was located near access marker 8. This was recorded as a new observation.,Personal Protective Equipment,Safety,Critical,No
"During the current visit, the surface facilities showed accessibility and readiness of emergency provisions required attention. The observation represented a critical safety concern with potential for severe consequences. Field measurements and records were reviewed during the visit. The observation concerned inspection point 4. Earlier inspection records indicated that this issue had occurred before.",Emergency Preparedness,Emergency Safety,Critical,Yes
"At the working panel, maintenance intervals had not been consistently observed was recorded during field verification. No immediate operational hazard was evident, although the observation required follow-up. The condition was confirmed by direct examination. The affected area covered approximately 40 metres. This was recorded as a new observation.",Equipment Maintenance,Equipment Safety,Low,No
"At the primary substation, electrical enclosures were dry and insulation readings were within acceptable limits was recorded during field verification. The arrangement remained largely satisfactory, with only limited improvement required.",Electrical Safety,Electrical,Low,No
Continued operation without correction could expose personnel to a substantial hazard; this inspection therefore recorded the mine roadway showed poor surface condition and inadequate control measures at the main access route. Operational checks were carried out at the time of inspection. The condition was verified during shift C. No similar condition was identified in the preceding inspection.,Haul Road,Mine Safety,High,No
"A review of conditions at the working area revealed personnel in the inspected area were using the required protective equipment. The arrangement remained largely satisfactory, with only limited improvement required.",Personal Protective Equipment,Safety,Low,No
Urgent remedial action was required before normal operations could safely continue; this inspection therefore recorded several cable junction points required corrective attention at the service section. Operational checks were carried out at the time of inspection. The condition was verified during shift C. The condition had not been documented during the previous inspection.,Electrical Safety,Electrical,Critical,No
"During the current visit, the working panel showed the sump and drainage arrangement required cleaning and maintenance. The observation required corrective attention within the normal maintenance cycle. The observation was supported by available inspection records. Review included 4 relevant components or records. This was recorded as a new observation.",Water Drainage,Environment,Medium,No
Operational verification confirmed accessibility and readiness of emergency provisions required attention in the rescue station. The deficiency was serious enough to affect safe mine operations and required prompt intervention. The condition was confirmed by direct examination. The affected area covered approximately 40 metres. This was recorded as a new observation.,Emergency Preparedness,Emergency Safety,High,No
"At the surface facilities, the inspected response facilities showed gaps in readiness was recorded during field verification. The observation required corrective attention within the normal maintenance cycle. The affected arrangement was examined under normal working conditions. The affected section was located near access marker 6. This was recorded as a new observation.",Emergency Preparedness,Emergency Safety,Medium,No
The condition represented a moderate operational concern and required timely attention; this inspection therefore recorded firefighting provisions were incomplete or not readily available at the conveyor section. Field measurements and records were reviewed during the visit. The observation concerned inspection point 1. Records showed that the same deficiency had been raised earlier.,Fire Safety,Safety,Medium,Yes
"It was observed that availability and use of protective gear required improvement at the underground section. If left unattended, the deficiency could affect safe and reliable operation. The affected arrangement was examined under normal working conditions. The affected section was located near access marker 10. Earlier inspection records indicated that this issue had occurred before.",Personal Protective Equipment,Safety,Medium,Yes
Operational verification confirmed the dust suppression arrangement was functioning effectively during operations in the haul road. The condition was minor and required routine attention.,Dust Suppression,Environment,Low,No
"Field examination of the underground working showed that the installed roof support system showed measurable loss of condition. If left unattended, the deficiency could affect safe and reliable operation. The observation was supported by available inspection records. Review included 4 relevant components or records. The condition had not been documented during the previous inspection.",Roof Support,Ground Control,Medium,No
"At the rescue station, assembly points, first-aid provisions, and rescue readiness were found satisfactory was recorded during field verification. No immediate operational hazard was evident, although the observation required follow-up.",Emergency Preparedness,Emergency Safety,Low,No
"At the transport corridor, road conditions could adversely affect safe movement of mine vehicles was recorded during field verification. Urgent remedial action was required before normal operations could safely continue. The condition was confirmed by direct examination. The affected area covered approximately 40 metres. No similar condition was identified in the preceding inspection.",Haul Road,Mine Safety,Critical,No
"During the current visit, the underground working showed multiple support bolts displayed signs of weakening. The arrangement remained largely satisfactory, with only limited improvement required. Field measurements and records were reviewed during the visit. The observation concerned inspection point 9. This was recorded as a new observation.",Roof Support,Ground Control,Low,No
Inspection records for the remote face indicate ventilation measurements remained within the required operating range. The condition was minor and required routine attention.,Ventilation,Safety,Low,No
A review of conditions at the working area revealed protective equipment compliance was inconsistent in the inspected area. The condition was not immediately critical but could worsen during continued operation. Field measurements and records were reviewed during the visit. The observation concerned inspection point 8. No comparable deficiency was found in the earlier inspection record.,Personal Protective Equipment,Safety,Medium,No
"At the transport corridor, the roadway surface had potholes and uneven grading was recorded during field verification. No immediate operational hazard was evident, although the observation required follow-up. The affected arrangement was examined under normal working conditions. The affected section was located near access marker 1. A comparable observation from the previous inspection remained unresolved.",Haul Road,Mine Safety,Low,Yes
The observation required corrective attention within the normal maintenance cycle; this inspection therefore recorded roof support elements exhibited deterioration requiring closer attention at the underground working. Operational checks were carried out at the time of inspection. The condition was verified during shift C. This was recorded as a new observation.,Roof Support,Ground Control,Medium,No
The inspection team noted water removal from the working area was slower than expected in the working panel; The deficiency was limited and no immediate safety concern was identified. The condition was confirmed by direct examination. The affected area covered approximately 40 metres. No similar condition was identified in the preceding inspection.,Water Drainage,Environment,Low,No
"At the underground section, some personnel were observed without complete prescribed PPE was recorded during field verification. The condition was assessed as critical because of the immediate potential for a major incident. The affected arrangement was examined under normal working conditions. The affected section was located near access marker 8. This was recorded as a new observation.",Personal Protective Equipment,Safety,Critical,No
"At the underground working, multiple support bolts displayed signs of weakening was recorded during field verification. The observation required corrective attention within the normal maintenance cycle. The affected arrangement was examined under normal working conditions. The affected section was located near access marker 2. No similar condition was identified in the preceding inspection.",Roof Support,Ground Control,Medium,No
"At the working panel, maintenance records were current and scheduled servicing had been completed was recorded during field verification. No immediate operational hazard was evident, although the observation required follow-up.",Equipment Maintenance,Equipment Safety,Low,No
The inspection team noted degraded electrical protection was observed in the inspected installation in the electrical room; The condition presented a significant safety concern requiring priority attention. Field measurements and records were reviewed during the visit. The observation concerned inspection point 1. A comparable observation from the previous inspection remained unresolved.,Electrical Safety,Electrical,High,Yes
"underground section inspection identified availability and use of protective gear required improvement. No immediate operational hazard was evident, although the observation required follow-up. The condition was confirmed by direct examination. The affected area covered approximately 40 metres. No comparable deficiency was found in the earlier inspection record.",Personal Protective Equipment,Safety,Low,No
It was observed that the mine roadway showed poor surface condition and inadequate control measures at the surface section. Continued operation without correction could expose personnel to a substantial hazard. The observation was supported by available inspection records. Review included 2 relevant components or records. The condition had also been reported during the last inspection cycle.,Haul Road,Mine Safety,High,Yes
Field examination of the rescue station showed that the emergency response arrangement required improvement. The deficiency was limited and no immediate safety concern was identified. Operational checks were carried out at the time of inspection. The condition was verified during shift C. No comparable deficiency was found in the earlier inspection record.,Emergency Preparedness,Emergency Safety,Low,No
"At the working panel, scheduled servicing of one or more machines had been delayed was recorded during field verification. The condition represented a moderate operational concern and required timely attention. The condition was confirmed by direct examination. The affected area covered approximately 40 metres. The condition had not been documented during the previous inspection.",Equipment Maintenance,Equipment Safety,Medium,No
"During the current visit, the loading point showed some personnel were observed without complete prescribed PPE. The condition was assessed as critical because of the immediate potential for a major incident. Operational checks were carried out at the time of inspection. The condition was verified during shift C. The condition had not been documented during the previous inspection.",Personal Protective Equipment,Safety,Critical,No
"During the current visit, the equipment bay showed inspection of machinery records revealed gaps in preventive maintenance. The deficiency was limited and no immediate safety concern was identified. The condition was confirmed by direct examination. The affected area covered approximately 40 metres. Available records did not indicate an earlier occurrence.",Equipment Maintenance,Equipment Safety,Low,No
A review of conditions at the underground roadway revealed water removal from the working area was slower than expected. Continued operation without correction could expose personnel to a substantial hazard. Operational checks were carried out at the time of inspection. The condition was verified during shift C. This was recorded as a new observation.,Water Drainage,Environment,High,No
The condition was minor and required routine attention; this inspection therefore recorded installed roof supports were intact and showed no material loss of integrity at the development heading.,Roof Support,Ground Control,Low,No
underground section inspection identified availability and use of protective gear required improvement. The observation required corrective attention within the normal maintenance cycle. Operational checks were carried out at the time of inspection. The condition was verified during shift A. A comparable observation from the previous inspection remained unresolved.,Personal Protective Equipment,Safety,Medium,Yes
A review of conditions at the equipment bay revealed maintenance documentation for operational machinery was incomplete. The condition presented a significant safety concern requiring priority attention. The affected arrangement was examined under normal working conditions. The affected section was located near access marker 11. Available records did not indicate an earlier occurrence.,Equipment Maintenance,Equipment Safety,High,No
"A review of conditions at the working panel revealed drainage channels were clear and no significant water accumulation was observed. No immediate operational hazard was evident, although the observation required follow-up.",Water Drainage,Environment,Low,No
Operational verification confirmed emergency response documentation was not fully current in the rescue station. The condition was not immediately critical but could worsen during continued operation. The affected arrangement was examined under normal working conditions. The affected section was located near access marker 6. No similar condition was identified in the preceding inspection.,Emergency Preparedness,Emergency Safety,Medium,No
The condition presented a significant safety concern requiring priority attention; this inspection therefore recorded structural support components required immediate assessment at the active panel. The affected arrangement was examined under normal working conditions. The affected section was located near access marker 11. Available records did not indicate an earlier occurrence.,Roof Support,Ground Control,High,No
The condition represented a moderate operational concern and required timely attention; this inspection therefore recorded emergency response documentation was not fully current at the rescue station. Field measurements and records were reviewed during the visit. The observation concerned inspection point 5. The condition had not been documented during the previous inspection.,Emergency Preparedness,Emergency Safety,Medium,No
"At the development heading, multiple support bolts displayed signs of weakening was recorded during field verification. No immediate operational hazard was evident, although the observation required follow-up. The affected arrangement was examined under normal working conditions. The affected section was located near access marker 1. The condition had also been reported during the last inspection cycle.",Roof Support,Ground Control,Low,Yes
Operational verification confirmed the mine roadway showed poor surface condition and inadequate control measures in the loading area. The condition represented a moderate operational concern and required timely attention. The condition was confirmed by direct examination. The affected area covered approximately 40 metres. No similar condition was identified in the preceding inspection.,Haul Road,Mine Safety,Medium,No
"At the working panel, scheduled servicing of one or more machines had been delayed was recorded during field verification. The observed condition created a significant operational and safety concern. The condition was confirmed by direct examination. The affected area covered approximately 40 metres. Available records did not indicate an earlier occurrence.",Equipment Maintenance,Equipment Safety,High,No
